gameId,gameDate,gameType,homeTeam,awayTeam,homeScore,awayScore,winner,loser,homeWin,goalMargin,totalGoals,gameOutcome,overtime,venue
2025010101,2025-09-20,1,DAL,STL,2,1,DAL,STL,1,1,3,SO,1,American Airlines Center
2025010001,2025-09-21,1,LAK,ANA,3,1,LAK,ANA,1,2,4,REG,0,Toyota Arena
2025010013,2025-09-21,1,BOS,WSH,2,5,WSH,BOS,0,3,7,REG,0,TD Garden
2025010009,2025-09-21,1,CBJ,STL,4,1,CBJ,STL,1,3,5,REG,0,Nationwide Arena
2025010002,2025-09-21,1,EDM,CGY,2,3,CGY,EDM,0,1,5,OT,1,Rogers Place
2025010003,2025-09-21,1,CGY,EDM,0,3,EDM,CGY,0,3,3,REG,0,Scotiabank Saddledome
2025010103,2025-09-21,1,UTA,COL,1,5,COL,UTA,0,4,6,REG,0,Magness Arena
2025010104,2025-09-21,1,COL,UTA,3,2,COL,UTA,1,1,5,REG,0,Ball Arena
2025010004,2025-09-21,1,NSH,FLA,5,0,NSH,FLA,1,5,5,REG,0,Bridgestone Arena
2025010005,2025-09-21,1,NSH,FLA,5,3,NSH,FLA,1,2,8,REG,0,Bridgestone Arena
2025010006,2025-09-21,1,WPG,MIN,2,3,MIN,WPG,0,1,5,OT,1,Canada Life Centre
2025010007,2025-09-21,1,NJD,NYR,3,5,NYR,NJD,0,2,8,REG,0,Prudential Center
2025010008,2025-09-21,1,NYI,PHI,2,3,PHI,NYI,0,1,5,SO,1,UBS Arena
2025010010,2025-09-21,1,OTT,TOR,3,4,TOR,OTT,0,1,7,REG,0,Canadian Tire Centre
2025010011,2025-09-21,1,SEA,VAN,5,3,SEA,VAN,1,2,8,REG,0,Climate Pledge Arena
2025010012,2025-09-21,1,SJS,VGK,3,0,SJS,VGK,1,3,3,REG,0,SAP Center at San Jose
2025010017,2025-09-22,1,ANA,UTA,6,1,ANA,UTA,1,5,7,REG,0,Honda Center
2025010014,2025-09-22,1,CBJ,BUF,0,4,BUF,CBJ,0,4,4,REG,0,Nationwide Arena
2025010016,2025-09-22,1,CAR,TBL,1,2,TBL,CAR,0,1,3,REG,0,Lenovo Center
2025010015,2025-09-22,1,MTL,PIT,2,1,MTL,PIT,1,1,3,SO,1,Centre Bell
2025010018,2025-09-23,1,NYR,BOS,4,5,BOS,NYR,0,1,9,OT,1,Madison Square Garden
2025010020,2025-09-23,1,BUF,CBJ,2,1,BUF,CBJ,1,1,3,REG,0,KeyBank Center
2025010027,2025-09-23,1,CGY,SEA,4,1,CGY,SEA,1,3,5,REG,0,Scotiabank Saddledome
2025010019,2025-09-23,1,DET,CHI,3,2,DET,CHI,1,1,5,REG,0,Little Caesars Arena
2025010021,2025-09-23,1,DAL,MIN,3,2,DAL,MIN,1,1,5,OT,1,American Airlines Center
2025010022,2025-09-23,1,WPG,EDM,2,3,EDM,WPG,0,1,5,REG,0,Canada Life Centre
2025010023,2025-09-23,1,VGK,LAK,1,3,LAK,VGK,0,2,4,REG,0,T-Mobile Arena
2025010026,2025-09-23,1,MTL,PHI,4,2,MTL,PHI,1,2,6,REG,0,Centre Bell
2025010024,2025-09-23,1,NJD,NYI,6,2,NJD,NYI,1,4,8,REG,0,Prudential Center
2025010028,2025-09-23,1,NSH,TBL,2,3,TBL,NSH,0,1,5,SO,1,Bridgestone Arena
2025010025,2025-09-23,1,TOR,OTT,2,3,OTT,TOR,0,1,5,OT,1,Scotiabank Arena
2025010031,2025-09-24,1,ANA,LAK,0,3,LAK,ANA,0,3,3,REG,0,Honda Center
2025010030,2025-09-24,1,CAR,FLA,2,4,FLA,CAR,0,2,6,REG,0,Lenovo Center
2025010032,2025-09-24,1,CBJ,PIT,4,1,CBJ,PIT,1,3,5,REG,0,Nationwide Arena
2025010029,2025-09-24,1,VAN,CGY,3,1,VAN,CGY,1,2,4,REG,0,Abbotsford Entertainment Centre
2025010033,2025-09-24,1,EDM,SEA,1,4,SEA,EDM,0,3,5,REG,0,Rogers Place
2025010034,2025-09-25,1,DET,BUF,5,2,DET,BUF,1,3,7,REG,0,Little Caesars Arena
2025010038,2025-09-25,1,MIN,DAL,2,5,DAL,MIN,0,3,7,REG,0,Grand Casino Arena
2025010037,2025-09-25,1,MTL,TOR,2,7,TOR,MTL,0,5,9,REG,0,Centre Bell
2025010035,2025-09-25,1,NYR,NYI,4,5,NYI,NYR,0,1,9,REG,0,Madison Square Garden
2025010036,2025-09-25,1,WSH,PHI,5,1,WSH,PHI,1,4,6,REG,0,Giant Center
2025010039,2025-09-25,1,VGK,UTA,3,2,VGK,UTA,1,1,5,OT,1,T-Mobile Arena
2025010040,2025-09-26,1,TBL,CAR,6,5,TBL,CAR,1,1,11,REG,0,Benchmark International Arena
2025010041,2025-09-26,1,PIT,DET,3,2,PIT,DET,1,1,5,REG,0,PPG Paints Arena
2025010045,2025-09-26,1,EDM,WPG,4,0,EDM,WPG,1,4,4,REG,0,Rogers Place
2025010042,2025-09-26,1,NYI,NJD,2,4,NJD,NYI,0,2,6,REG,0,UBS Arena
2025010043,2025-09-26,1,VAN,SEA,4,2,VAN,SEA,1,2,6,REG,0,Rogers Arena
2025010044,2025-09-26,1,SJS,VGK,1,2,VGK,SJS,0,1,3,REG,0,SAP Center at San Jose
2025010046,2025-09-27,1,LAK,ANA,3,5,ANA,LAK,0,2,8,REG,0,Dignity Health Arena
2025010047,2025-09-27,1,PHI,BOS,3,4,BOS,PHI,0,1,7,REG,0,Xfinity Mobile Arena
2025010052,2025-09-27,1,BUF,DET,5,2,BUF,DET,1,3,7,REG,0,KeyBank Center
2025010050,2025-09-27,1,PIT,CBJ,4,1,PIT,CBJ,1,3,5,REG,0,PPG Paints Arena
2025010049,2025-09-27,1,WPG,CGY,4,2,WPG,CGY,1,2,6,REG,0,Canada Life Centre
2025010048,2025-09-27,1,STL,CHI,2,4,CHI,STL,0,2,6,REG,0,Enterprise Center
2025010051,2025-09-27,1,COL,DAL,4,1,COL,DAL,1,3,5,REG,0,Ball Arena
2025010053,2025-09-27,1,TOR,MTL,2,4,MTL,TOR,0,2,6,REG,0,Scotiabank Arena
2025010054,2025-09-27,1,TBL,NSH,4,1,TBL,NSH,1,3,5,REG,0,Benchmark International Arena
2025010055,2025-09-28,1,CAR,NSH,4,2,CAR,NSH,1,2,6,REG,0,Lenovo Center
2025010057,2025-09-28,1,MIN,CHI,1,4,CHI,MIN,0,3,5,REG,0,Grand Casino Arena
2025010058,2025-09-28,1,EDM,VAN,4,3,EDM,VAN,1,1,7,REG,0,Rogers Place
2025010056,2025-09-28,1,OTT,NJD,2,0,OTT,NJD,1,2,2,REG,0,Centre Videotron
2025010059,2025-09-28,1,NJD,WSH,2,3,WSH,NJD,0,1,5,SO,1,Prudential Center
2025010065,2025-09-29,1,ANA,SJS,3,2,ANA,SJS,1,1,5,REG,0,Honda Center
2025010063,2025-09-29,1,BOS,PHI,2,3,PHI,BOS,0,1,5,SO,1,TD Garden
2025010061,2025-09-29,1,FLA,CAR,4,3,FLA,CAR,1,1,7,OT,1,Amerant Bank Arena
2025010060,2025-09-29,1,SEA,CGY,1,2,CGY,SEA,0,1,3,SO,1,Climate Pledge Arena
2025010064,2025-09-29,1,DET,PIT,1,2,PIT,DET,0,1,3,REG,0,Little Caesars Arena
2025010062,2025-09-29,1,NYI,NYR,2,3,NYR,NYI,0,1,5,OT,1,UBS Arena
2025010071,2025-09-30,1,CBJ,WSH,3,4,WSH,CBJ,0,1,7,REG,0,Nationwide Arena
2025010066,2025-09-30,1,CHI,DET,1,3,DET,CHI,0,2,4,REG,0,United Center
2025010070,2025-09-30,1,COL,VGK,4,2,COL,VGK,1,2,6,REG,0,Ball Arena
2025010102,2025-09-30,1,STL,DAL,3,5,DAL,STL,0,2,8,REG,0,Enterprise Center
2025010067,2025-09-30,1,TBL,FLA,3,2,TBL,FLA,1,1,5,REG,0,Kia Center
2025010068,2025-09-30,1,UTA,LAK,2,3,LAK,UTA,0,1,5,REG,0,Idaho Central Arena
2025010072,2025-09-30,1,MIN,WPG,3,2,MIN,WPG,1,1,5,REG,0,Grand Casino Arena
2025010069,2025-09-30,1,OTT,MTL,0,5,MTL,OTT,0,5,5,REG,0,Centre Videotron
2025010073,2025-10-01,1,SJS,ANA,2,5,ANA,SJS,0,3,7,REG,0,SAP Center at San Jose
2025010076,2025-10-01,1,BUF,PIT,3,5,PIT,BUF,0,2,8,REG,0,KeyBank Center
2025010077,2025-10-01,1,CGY,VAN,1,8,VAN,CGY,0,7,9,REG,0,Scotiabank Saddledome
2025010074,2025-10-01,1,VGK,COL,2,1,VGK,COL,1,1,3,REG,0,T-Mobile Arena
2025010075,2025-10-01,1,SEA,EDM,4,2,SEA,EDM,1,2,6,REG,0,Climate Pledge Arena
2025010078,2025-10-02,1,WSH,BOS,1,3,BOS,WSH,0,2,4,REG,0,Capital One Arena
2025010079,2025-10-02,1,TOR,DET,1,3,DET,TOR,0,2,4,REG,0,Scotiabank Arena
2025010080,2025-10-02,1,TBL,FLA,5,2,TBL,FLA,1,3,7,REG,0,Benchmark International Arena
2025010081,2025-10-02,1,UTA,LAK,2,1,UTA,LAK,1,1,3,REG,0,Delta Center
2025010082,2025-10-02,1,NYR,NJD,1,3,NJD,NYR,0,2,4,REG,0,Madison Square Garden
2025010083,2025-10-02,1,PHI,NYI,3,4,NYI,PHI,0,1,7,REG,0,Xfinity Mobile Arena
2025010084,2025-10-02,1,STL,OTT,7,1,STL,OTT,1,6,8,REG,0,Enterprise Center
2025010085,2025-10-03,1,PIT,BUF,5,4,PIT,BUF,1,1,9,OT,1,PPG Paints Arena
2025010089,2025-10-03,1,CGY,WPG,4,5,WPG,CGY,0,1,9,SO,1,Scotiabank Saddledome
2025010086,2025-10-03,1,CHI,MIN,2,3,MIN,CHI,0,1,5,REG,0,United Center
2025010087,2025-10-03,1,VAN,EDM,3,2,VAN,EDM,1,1,5,OT,1,Rogers Arena
2025010088,2025-10-03,1,VGK,SJS,1,4,SJS,VGK,0,3,5,REG,0,T-Mobile Arena
2025010090,2025-10-04,1,LAK,ANA,5,4,LAK,ANA,1,1,9,OT,1,Crypto.com Arena
2025010095,2025-10-04,1,BOS,NYR,4,1,BOS,NYR,1,3,5,REG,0,TD Garden
2025010091,2025-10-04,1,NSH,CAR,3,2,NSH,CAR,1,1,5,OT,1,Bridgestone Arena
2025010093,2025-10-04,1,WSH,CBJ,2,1,WSH,CBJ,1,1,3,REG,0,Capital One Arena
2025010097,2025-10-04,1,CHI,STL,0,4,STL,CHI,0,4,4,REG,0,United Center
2025010092,2025-10-04,1,DAL,COL,3,2,DAL,COL,1,1,5,REG,0,American Airlines Center
2025010100,2025-10-04,1,DET,TOR,6,5,DET,TOR,1,1,11,OT,1,Little Caesars Arena
2025010099,2025-10-04,1,FLA,TBL,7,0,FLA,TBL,1,7,7,REG,0,Amerant Bank Arena
2025010096,2025-10-04,1,MTL,OTT,1,3,OTT,MTL,0,2,4,REG,0,Centre Bell
2025010094,2025-10-04,1,PHI,NJD,4,3,PHI,NJD,1,1,7,SO,1,Xfinity Mobile Arena
2025010098,2025-10-04,1,UTA,SJS,6,4,UTA,SJS,1,2,10,REG,0,Delta Center
2025020001,2025-10-07,2,FLA,CHI,3,2,FLA,CHI,1,1,5,REG,0,Amerant Bank Arena
2025020003,2025-10-07,2,LAK,COL,1,4,COL,LAK,0,3,5,REG,0,Crypto.com Arena
2025020002,2025-10-07,2,NYR,PIT,0,3,PIT,NYR,0,3,3,REG,0,Madison Square Garden
2025020005,2025-10-08,2,WSH,BOS,1,3,BOS,WSH,0,2,4,REG,0,Capital One Arena
2025020006,2025-10-08,2,EDM,CGY,3,4,CGY,EDM,0,1,7,SO,1,Rogers Place
2025020007,2025-10-08,2,VGK,LAK,5,6,LAK,VGK,0,1,11,SO,1,T-Mobile Arena
2025020004,2025-10-08,2,TOR,MTL,5,2,TOR,MTL,1,3,7,REG,0,Scotiabank Arena
2025020021,2025-10-09,2,SEA,ANA,3,1,SEA,ANA,1,2,4,REG,0,Climate Pledge Arena
2025020008,2025-10-09,2,BOS,CHI,4,3,BOS,CHI,1,1,7,OT,1,TD Garden
2025020009,2025-10-09,2,BUF,NYR,0,4,NYR,BUF,0,4,4,REG,0,KeyBank Center
2025020014,2025-10-09,2,CAR,NJD,6,3,CAR,NJD,1,3,9,REG,0,Lenovo Center
2025020016,2025-10-09,2,NSH,CBJ,2,1,NSH,CBJ,1,1,3,REG,0,Bridgestone Arena
2025020019,2025-10-09,2,VAN,CGY,5,1,VAN,CGY,1,4,6,REG,0,Rogers Arena
2025020018,2025-10-09,2,COL,UTA,2,1,COL,UTA,1,1,3,REG,0,Ball Arena
2025020017,2025-10-09,2,WPG,DAL,4,5,DAL,WPG,0,1,9,REG,0,Canada Life Centre
2025020010,2025-10-09,2,DET,MTL,1,5,MTL,DET,0,4,6,REG,0,Little Caesars Arena
2025020012,2025-10-09,2,FLA,PHI,2,1,FLA,PHI,1,1,3,REG,0,Amerant Bank Arena
2025020015,2025-10-09,2,STL,MIN,0,5,MIN,STL,0,5,5,REG,0,Enterprise Center
2025020013,2025-10-09,2,PIT,NYI,4,3,PIT,NYI,1,1,7,REG,0,PPG Paints Arena
2025020011,2025-10-09,2,TBL,OTT,4,5,OTT,TBL,0,1,9,REG,0,Benchmark International Arena
2025020020,2025-10-09,2,SJS,VGK,3,4,VGK,SJS,0,1,7,OT,1,SAP Center at San Jose
2025020036,2025-10-11,2,SJS,ANA,6,7,ANA,SJS,0,1,13,OT,1,SAP Center at San Jose
2025020024,2025-10-11,2,BOS,BUF,3,1,BOS,BUF,1,2,4,REG,0,TD Garden
2025020030,2025-10-11,2,CAR,PHI,4,3,CAR,PHI,1,1,7,OT,1,Lenovo Center
2025020033,2025-10-11,2,MIN,CBJ,4,7,CBJ,MIN,0,3,11,REG,0,Grand Casino Arena
2025020023,2025-10-11,2,CGY,STL,2,4,STL,CGY,0,2,6,REG,0,Scotiabank Saddledome
2025020031,2025-10-11,2,CHI,MTL,2,3,MTL,CHI,0,1,5,REG,0,United Center
2025020034,2025-10-11,2,COL,DAL,4,5,DAL,COL,0,1,9,SO,1,Ball Arena
2025020025,2025-10-11,2,DET,TOR,6,3,DET,TOR,1,3,9,REG,0,Little Caesars Arena
2025020035,2025-10-11,2,EDM,VAN,3,1,EDM,VAN,1,2,4,REG,0,Rogers Place
2025020027,2025-10-11,2,FLA,OTT,6,2,FLA,OTT,1,4,8,REG,0,Amerant Bank Arena
2025020022,2025-10-11,2,WPG,LAK,3,2,WPG,LAK,1,1,5,REG,0,Canada Life Centre
2025020026,2025-10-11,2,TBL,NJD,3,5,NJD,TBL,0,2,8,REG,0,Benchmark International Arena
2025020032,2025-10-11,2,NSH,UTA,2,3,UTA,NSH,0,1,5,OT,1,Bridgestone Arena
2025020028,2025-10-11,2,NYI,WSH,2,4,WSH,NYI,0,2,6,REG,0,UBS Arena
2025020029,2025-10-11,2,PIT,NYR,1,6,NYR,PIT,0,5,7,REG,0,PPG Paints Arena
2025020037,2025-10-11,2,SEA,VGK,2,1,SEA,VGK,1,1,3,OT,1,Climate Pledge Arena
2025020038,2025-10-12,2,NYR,WSH,0,1,WSH,NYR,0,1,1,REG,0,Madison Square Garden
2025020040,2025-10-13,2,BOS,TBL,3,4,TBL,BOS,0,1,7,REG,0,TD Garden
2025020039,2025-10-13,2,BUF,COL,1,3,COL,BUF,0,2,4,REG,0,KeyBank Center
2025020045,2025-10-13,2,CBJ,NJD,2,3,NJD,CBJ,0,1,5,REG,0,Nationwide Arena
2025020048,2025-10-13,2,CHI,UTA,3,1,CHI,UTA,1,2,4,REG,0,United Center
2025020043,2025-10-13,2,TOR,DET,2,3,DET,TOR,0,1,5,REG,0,Scotiabank Arena
2025020044,2025-10-13,2,PHI,FLA,5,2,PHI,FLA,1,3,7,REG,0,Xfinity Mobile Arena
2025020047,2025-10-13,2,MIN,LAK,4,3,MIN,LAK,1,1,7,SO,1,Grand Casino Arena
2025020041,2025-10-13,2,OTT,NSH,1,4,NSH,OTT,0,3,5,REG,0,Canadian Tire Centre
2025020042,2025-10-13,2,NYI,WPG,2,5,WPG,NYI,0,3,7,REG,0,UBS Arena
2025020046,2025-10-13,2,VAN,STL,2,5,STL,VAN,0,3,7,REG,0,Rogers Arena
2025020056,2025-10-14,2,ANA,PIT,4,3,ANA,PIT,1,1,7,REG,0,Honda Center
2025020055,2025-10-14,2,SJS,CAR,1,5,CAR,SJS,0,4,6,REG,0,SAP Center at San Jose
2025020053,2025-10-14,2,CGY,VGK,2,4,VGK,CGY,0,2,6,REG,0,Scotiabank Saddledome
2025020054,2025-10-14,2,DAL,MIN,5,2,DAL,MIN,1,3,7,REG,0,American Airlines Center
2025020051,2025-10-14,2,NYR,EDM,0,2,EDM,NYR,0,2,2,REG,0,Madison Square Garden
2025020050,2025-10-14,2,MTL,SEA,5,4,MTL,SEA,1,1,9,OT,1,Centre Bell
2025020049,2025-10-14,2,TOR,NSH,7,4,TOR,NSH,1,3,11,REG,0,Scotiabank Arena
2025020052,2025-10-14,2,WSH,TBL,3,2,WSH,TBL,1,1,5,OT,1,Capital One Arena
2025020057,2025-10-15,2,BUF,OTT,8,4,BUF,OTT,1,4,12,REG,0,KeyBank Center
2025020060,2025-10-15,2,UTA,CGY,3,1,UTA,CGY,1,2,4,REG,0,Delta Center
2025020059,2025-10-15,2,STL,CHI,3,8,CHI,STL,0,5,11,REG,0,Enterprise Center
2025020058,2025-10-15,2,DET,FLA,4,1,DET,FLA,1,3,5,REG,0,Little Caesars Arena
2025020070,2025-10-16,2,ANA,CAR,1,4,CAR,ANA,0,3,5,REG,0,Honda Center
2025020069,2025-10-16,2,VGK,BOS,6,5,VGK,BOS,1,1,11,REG,0,T-Mobile Arena
2025020067,2025-10-16,2,CBJ,COL,1,4,COL,CBJ,0,3,5,REG,0,Nationwide Arena
2025020068,2025-10-16,2,DAL,VAN,3,5,VAN,DAL,0,2,8,REG,0,American Airlines Center
2025020065,2025-10-16,2,NYI,EDM,4,2,NYI,EDM,1,2,6,REG,0,UBS Arena
2025020064,2025-10-16,2,NJD,FLA,3,1,NJD,FLA,1,2,4,REG,0,Prudential Center
2025020071,2025-10-16,2,LAK,PIT,2,4,PIT,LAK,0,2,6,REG,0,Crypto.com Arena
2025020062,2025-10-16,2,MTL,NSH,3,2,MTL,NSH,1,1,5,OT,1,Centre Bell
2025020061,2025-10-16,2,TOR,NYR,2,1,TOR,NYR,1,1,3,OT,1,Scotiabank Arena
2025020063,2025-10-16,2,OTT,SEA,4,3,OTT,SEA,1,1,7,SO,1,Canadian Tire Centre
2025020066,2025-10-16,2,PHI,WPG,2,5,WPG,PHI,0,3,7,REG,0,Xfinity Mobile Arena
2025020074,2025-10-17,2,CHI,VAN,2,3,VAN,CHI,0,1,5,SO,1,United Center
2025020072,2025-10-17,2,DET,TBL,2,1,DET,TBL,1,1,3,OT,1,Little Caesars Arena
2025020073,2025-10-17,2,WSH,MIN,5,1,WSH,MIN,1,4,6,REG,0,Capital One Arena
2025020075,2025-10-17,2,UTA,SJS,6,3,UTA,SJS,1,3,9,REG,0,Delta Center
2025020085,2025-10-18,2,COL,BOS,4,1,COL,BOS,1,3,5,REG,0,Ball Arena
2025020076,2025-10-18,2,BUF,FLA,3,0,BUF,FLA,1,3,3,REG,0,KeyBank Center
2025020086,2025-10-18,2,LAK,CAR,3,4,CAR,LAK,0,1,7,OT,1,Crypto.com Arena
2025020082,2025-10-18,2,CBJ,TBL,3,2,CBJ,TBL,1,1,5,REG,0,Nationwide Arena
2025020087,2025-10-18,2,VGK,CGY,6,1,VGK,CGY,1,5,7,REG,0,T-Mobile Arena
2025020083,2025-10-18,2,STL,DAL,3,1,STL,DAL,1,2,4,REG,0,Enterprise Center
2025020078,2025-10-18,2,NJD,EDM,5,3,NJD,EDM,1,2,8,REG,0,Prudential Center
2025020081,2025-10-18,2,PHI,MIN,2,1,PHI,MIN,1,1,3,OT,1,Xfinity Mobile Arena
2025020080,2025-10-18,2,MTL,NYR,3,4,NYR,MTL,0,1,7,REG,0,Centre Bell
2025020084,2025-10-18,2,WPG,NSH,4,1,WPG,NSH,1,3,5,REG,0,Canada Life Centre
2025020077,2025-10-18,2,OTT,NYI,4,5,NYI,OTT,0,1,9,REG,0,Canadian Tire Centre
2025020088,2025-10-18,2,SJS,PIT,0,3,PIT,SJS,0,3,3,REG,0,SAP Center at San Jose
2025020079,2025-10-18,2,TOR,SEA,3,4,SEA,TOR,0,1,7,OT,1,Scotiabank Arena
2025020091,2025-10-19,2,CHI,ANA,2,1,CHI,ANA,1,1,3,OT,1,United Center
2025020092,2025-10-19,2,UTA,BOS,3,2,UTA,BOS,1,1,5,REG,0,Delta Center
2025020090,2025-10-19,2,DET,EDM,4,2,DET,EDM,1,2,6,REG,0,Little Caesars Arena
2025020089,2025-10-19,2,WSH,VAN,3,4,VAN,WSH,0,1,7,REG,0,Capital One Arena
2025020095,2025-10-20,2,MTL,BUF,4,2,MTL,BUF,1,2,6,REG,0,Centre Bell
2025020097,2025-10-20,2,VGK,CAR,4,1,VGK,CAR,1,3,5,REG,0,T-Mobile Arena
2025020096,2025-10-20,2,CGY,WPG,1,2,WPG,CGY,0,1,3,REG,0,Scotiabank Saddledome
2025020093,2025-10-20,2,NYR,MIN,1,3,MIN,NYR,0,2,4,REG,0,Madison Square Garden
2025020094,2025-10-20,2,PHI,SEA,5,2,PHI,SEA,1,3,7,REG,0,Xfinity Mobile Arena
2025020105,2025-10-21,2,NSH,ANA,2,5,ANA,NSH,0,3,7,REG,0,Bridgestone Arena
2025020103,2025-10-21,2,BOS,FLA,3,4,FLA,BOS,0,1,7,REG,0,TD Garden
2025020106,2025-10-21,2,DAL,CBJ,1,5,CBJ,DAL,0,4,6,REG,0,American Airlines Center
2025020107,2025-10-21,2,UTA,COL,4,3,UTA,COL,1,1,7,OT,1,Delta Center
2025020099,2025-10-21,2,OTT,EDM,2,3,EDM,OTT,0,1,5,OT,1,Canadian Tire Centre
2025020104,2025-10-21,2,STL,LAK,1,2,LAK,STL,0,1,3,OT,1,Enterprise Center
2025020098,2025-10-21,2,TOR,NJD,2,5,NJD,TOR,0,3,7,REG,0,Scotiabank Arena
2025020100,2025-10-21,2,NYI,SJS,4,3,NYI,SJS,1,1,7,REG,0,UBS Arena
2025020101,2025-10-21,2,PIT,VAN,5,1,PIT,VAN,1,4,6,REG,0,PPG Paints Arena
2025020102,2025-10-21,2,WSH,SEA,4,1,WSH,SEA,1,3,5,REG,0,Capital One Arena
2025020109,2025-10-22,2,BUF,DET,4,2,BUF,DET,1,2,6,REG,0,KeyBank Center
2025020110,2025-10-22,2,CGY,MTL,1,2,MTL,CGY,0,1,3,OT,1,Scotiabank Saddledome
2025020108,2025-10-22,2,NJD,MIN,4,1,NJD,MIN,1,3,5,REG,0,Prudential Center
2025020111,2025-10-23,2,BOS,ANA,5,7,ANA,BOS,0,2,12,REG,0,TD Garden
2025020121,2025-10-23,2,COL,CAR,4,5,CAR,COL,0,1,9,SO,1,Ball Arena
2025020113,2025-10-23,2,TBL,CHI,2,3,CHI,TBL,0,1,5,REG,0,Benchmark International Arena
2025020119,2025-10-23,2,DAL,LAK,2,3,LAK,DAL,0,1,5,OT,1,American Airlines Center
2025020115,2025-10-23,2,NYI,DET,7,2,NYI,DET,1,5,9,REG,0,UBS Arena
2025020122,2025-10-23,2,EDM,MTL,6,5,EDM,MTL,1,1,11,REG,0,Rogers Place
2025020114,2025-10-23,2,FLA,PIT,3,5,PIT,FLA,0,2,8,REG,0,Amerant Bank Arena
2025020118,2025-10-23,2,NSH,VAN,2,1,NSH,VAN,1,1,3,REG,0,Bridgestone Arena
2025020116,2025-10-23,2,NYR,SJS,5,6,SJS,NYR,0,1,11,OT,1,Madison Square Garden
2025020112,2025-10-23,2,OTT,PHI,2,1,OTT,PHI,1,1,3,REG,0,Canadian Tire Centre
2025020120,2025-10-23,2,WPG,SEA,0,3,SEA,WPG,0,3,3,REG,0,Canada Life Centre
2025020117,2025-10-23,2,STL,UTA,4,7,UTA,STL,0,3,11,REG,0,Enterprise Center
2025020123,2025-10-24,2,BUF,TOR,5,3,BUF,TOR,1,2,8,REG,0,KeyBank Center
2025020125,2025-10-24,2,CBJ,WSH,1,5,WSH,CBJ,0,4,6,REG,0,Nationwide Arena
2025020126,2025-10-24,2,WPG,CGY,5,3,WPG,CGY,1,2,8,REG,0,Canada Life Centre
2025020124,2025-10-24,2,NJD,SJS,3,1,NJD,SJS,1,2,4,REG,0,Prudential Center
2025020129,2025-10-25,2,TBL,ANA,4,3,TBL,ANA,1,1,7,REG,0,Benchmark International Arena
2025020128,2025-10-25,2,BOS,COL,3,2,BOS,COL,1,1,5,REG,0,TD Garden
2025020132,2025-10-25,2,TOR,BUF,4,3,TOR,BUF,1,1,7,OT,1,Scotiabank Arena
2025020138,2025-10-25,2,DAL,CAR,3,2,DAL,CAR,1,1,5,REG,0,American Airlines Center
2025020134,2025-10-25,2,PIT,CBJ,4,5,CBJ,PIT,0,1,9,SO,1,PPG Paints Arena
2025020133,2025-10-25,2,DET,STL,6,4,DET,STL,1,2,10,REG,0,Little Caesars Arena
2025020139,2025-10-25,2,SEA,EDM,3,2,SEA,EDM,1,1,5,REG,0,Climate Pledge Arena
2025020130,2025-10-25,2,FLA,VGK,3,0,FLA,VGK,1,3,3,REG,0,Amerant Bank Arena
2025020137,2025-10-25,2,NSH,LAK,5,4,NSH,LAK,1,1,9,SO,1,Bridgestone Arena
2025020131,2025-10-25,2,MIN,UTA,2,6,UTA,MIN,0,4,8,REG,0,Grand Casino Arena
2025020136,2025-10-25,2,VAN,MTL,3,4,MTL,VAN,0,1,7,REG,0,Rogers Arena
2025020127,2025-10-25,2,PHI,NYI,4,3,PHI,NYI,1,1,7,SO,1,Xfinity Mobile Arena
2025020135,2025-10-25,2,WSH,OTT,1,7,OTT,WSH,0,6,8,REG,0,Capital One Arena
2025020146,2025-10-26,2,CGY,NYR,5,1,CGY,NYR,1,4,6,REG,0,Scotiabank Saddledome
2025020144,2025-10-26,2,CHI,LAK,1,3,LAK,CHI,0,2,4,REG,0,United Center
2025020140,2025-10-26,2,NJD,COL,4,3,NJD,COL,1,1,7,OT,1,Prudential Center
2025020145,2025-10-26,2,NSH,DAL,2,3,DAL,NSH,0,1,5,REG,0,Bridgestone Arena
2025020147,2025-10-26,2,VAN,EDM,4,3,VAN,EDM,1,1,7,OT,1,Rogers Arena
2025020142,2025-10-26,2,MIN,SJS,5,6,SJS,MIN,0,1,11,OT,1,Grand Casino Arena
2025020141,2025-10-26,2,TBL,VGK,2,1,TBL,VGK,1,1,3,OT,1,Benchmark International Arena
2025020143,2025-10-26,2,WPG,UTA,2,3,UTA,WPG,0,1,5,REG,0,Canada Life Centre
2025020149,2025-10-27,2,OTT,BOS,7,2,OTT,BOS,1,5,9,REG,0,Canadian Tire Centre
2025020148,2025-10-27,2,PIT,STL,6,3,PIT,STL,1,3,9,REG,0,PPG Paints Arena
2025020153,2025-10-28,2,FLA,ANA,2,3,ANA,FLA,0,1,5,SO,1,Amerant Bank Arena
2025020154,2025-10-28,2,BOS,NYI,5,2,BOS,NYI,1,3,7,REG,0,TD Garden
2025020152,2025-10-28,2,BUF,CBJ,3,4,CBJ,BUF,0,1,7,OT,1,KeyBank Center
2025020155,2025-10-28,2,CAR,VGK,3,6,VGK,CAR,0,3,9,REG,0,Lenovo Center
2025020151,2025-10-28,2,TOR,CGY,4,3,TOR,CGY,1,1,7,REG,0,Scotiabank Arena
2025020160,2025-10-28,2,CHI,OTT,7,3,CHI,OTT,1,4,10,REG,0,United Center
2025020161,2025-10-28,2,COL,NJD,8,4,COL,NJD,1,4,12,REG,0,Ball Arena
2025020159,2025-10-28,2,DAL,WSH,1,0,DAL,WSH,1,1,1,REG,0,American Airlines Center
2025020158,2025-10-28,2,STL,DET,2,5,DET,STL,0,3,7,REG,0,Enterprise Center
2025020162,2025-10-28,2,EDM,UTA,6,3,EDM,UTA,1,3,9,REG,0,Rogers Place
2025020165,2025-10-28,2,SJS,LAK,3,4,LAK,SJS,0,1,7,REG,0,SAP Center at San Jose
2025020157,2025-10-28,2,MIN,WPG,3,4,WPG,MIN,0,1,7,OT,1,Grand Casino Arena
2025020164,2025-10-28,2,SEA,MTL,3,4,MTL,SEA,0,1,7,OT,1,Climate Pledge Arena
2025020156,2025-10-28,2,NSH,TBL,2,5,TBL,NSH,0,3,7,REG,0,Bridgestone Arena
2025020163,2025-10-28,2,VAN,NYR,0,2,NYR,VAN,0,2,2,REG,0,Rogers Arena
2025020150,2025-10-28,2,PHI,PIT,3,2,PHI,PIT,1,1,5,SO,1,Xfinity Mobile Arena
2025020166,2025-10-29,2,CBJ,TOR,6,3,CBJ,TOR,1,3,9,REG,0,Nationwide Arena
2025020167,2025-10-30,2,BOS,BUF,4,3,BOS,BUF,1,1,7,OT,1,TD Garden
2025020171,2025-10-30,2,CAR,NYI,6,2,CAR,NYI,1,4,8,REG,0,Lenovo Center
2025020168,2025-10-30,2,OTT,CGY,4,3,OTT,CGY,1,1,7,SO,1,Canadian Tire Centre
2025020174,2025-10-30,2,WPG,CHI,6,3,WPG,CHI,1,3,9,REG,0,Canada Life Centre
2025020169,2025-10-30,2,TBL,DAL,2,1,TBL,DAL,1,1,3,OT,1,Benchmark International Arena
2025020177,2025-10-30,2,LAK,DET,3,4,DET,LAK,0,1,7,SO,1,Crypto.com Arena
2025020175,2025-10-30,2,EDM,NYR,3,4,NYR,EDM,0,1,7,OT,1,Rogers Place
2025020173,2025-10-30,2,MIN,PIT,1,4,PIT,MIN,0,3,5,REG,0,Grand Casino Arena
2025020176,2025-10-30,2,SJS,NJD,5,2,SJS,NJD,1,3,7,REG,0,SAP Center at San Jose
2025020170,2025-10-30,2,PHI,NSH,4,1,PHI,NSH,1,3,5,REG,0,Xfinity Mobile Arena
2025020172,2025-10-30,2,STL,VAN,3,4,VAN,STL,0,1,7,SO,1,Enterprise Center
2025020180,2025-10-31,2,ANA,DET,5,2,ANA,DET,1,3,7,REG,0,Honda Center
2025020178,2025-10-31,2,VGK,COL,2,4,COL,VGK,0,2,6,REG,0,T-Mobile Arena
2025020179,2025-10-31,2,WSH,NYI,1,3,NYI,WSH,0,2,4,REG,0,Capital One Arena
2025020181,2025-11-01,2,BOS,CAR,2,1,BOS,CAR,1,1,3,REG,0,TD Garden
2025020186,2025-11-01,2,BUF,WSH,4,3,BUF,WSH,1,1,7,SO,1,KeyBank Center
2025020189,2025-11-01,2,CBJ,STL,3,2,CBJ,STL,1,1,5,REG,0,Nationwide Arena
2025020183,2025-11-01,2,NSH,CGY,4,2,NSH,CGY,1,2,6,REG,0,Bridgestone Arena
2025020192,2025-11-01,2,EDM,CHI,3,2,EDM,CHI,1,1,5,OT,1,Rogers Place
2025020184,2025-11-01,2,SJS,COL,3,2,SJS,COL,1,1,5,OT,1,SAP Center at San Jose
2025020185,2025-11-01,2,FLA,DAL,4,3,FLA,DAL,1,1,7,SO,1,Amerant Bank Arena
2025020191,2025-11-01,2,LAK,NJD,1,4,NJD,LAK,0,3,5,REG,0,Crypto.com Arena
2025020190,2025-11-01,2,MIN,VAN,5,2,MIN,VAN,1,3,7,REG,0,Grand Casino Arena
2025020187,2025-11-01,2,MTL,OTT,4,3,MTL,OTT,1,1,7,OT,1,Centre Bell
2025020193,2025-11-01,2,SEA,NYR,2,3,NYR,SEA,0,1,5,OT,1,Climate Pledge Arena
2025020188,2025-11-01,2,PHI,TOR,2,5,TOR,PHI,0,3,7,REG,0,Xfinity Mobile Arena
2025020182,2025-11-01,2,WPG,PIT,5,2,WPG,PIT,1,3,7,REG,0,Canada Life Centre
2025020197,2025-11-02,2,ANA,NJD,4,1,ANA,NJD,1,3,5,REG,0,Honda Center
2025020195,2025-11-02,2,NYI,CBJ,3,2,NYI,CBJ,1,1,5,REG,0,UBS Arena
2025020196,2025-11-02,2,PHI,CGY,1,2,CGY,PHI,0,1,3,REG,0,Xfinity Mobile Arena
2025020198,2025-11-02,2,SJS,DET,2,3,DET,SJS,0,1,5,SO,1,SAP Center at San Jose
2025020194,2025-11-02,2,UTA,TBL,2,4,TBL,UTA,0,2,6,REG,0,Delta Center
2025020202,2025-11-03,2,SEA,CHI,3,1,SEA,CHI,1,2,4,REG,0,Climate Pledge Arena
2025020200,2025-11-03,2,STL,EDM,3,2,STL,EDM,1,1,5,REG,0,Enterprise Center
2025020201,2025-11-03,2,NSH,VAN,4,5,VAN,NSH,0,1,9,OT,1,Bridgestone Arena
2025020199,2025-11-03,2,TOR,PIT,4,3,TOR,PIT,1,1,7,REG,0,Scotiabank Arena
2025020211,2025-11-04,2,ANA,FLA,7,3,ANA,FLA,1,4,10,REG,0,Honda Center
2025020205,2025-11-04,2,NYI,BOS,3,4,BOS,NYI,0,1,7,SO,1,UBS Arena
2025020203,2025-11-04,2,BUF,UTA,1,2,UTA,BUF,0,1,3,OT,1,KeyBank Center
2025020206,2025-11-04,2,NYR,CAR,0,3,CAR,NYR,0,3,3,REG,0,Madison Square Garden
2025020209,2025-11-04,2,COL,TBL,3,2,COL,TBL,1,1,5,REG,0,Ball Arena
2025020207,2025-11-04,2,DAL,EDM,4,3,DAL,EDM,1,1,7,SO,1,American Airlines Center
2025020210,2025-11-04,2,VGK,DET,1,0,VGK,DET,1,1,1,REG,0,T-Mobile Arena
2025020212,2025-11-04,2,LAK,WPG,3,0,LAK,WPG,1,3,3,REG,0,Crypto.com Arena
2025020208,2025-11-04,2,MIN,NSH,3,2,MIN,NSH,1,1,5,OT,1,Grand Casino Arena
2025020204,2025-11-04,2,MTL,PHI,4,5,PHI,MTL,0,1,9,SO,1,Centre Bell
2025020215,2025-11-05,2,CGY,CBJ,5,1,CGY,CBJ,1,4,6,REG,0,Scotiabank Saddledome
2025020216,2025-11-05,2,VAN,CHI,2,5,CHI,VAN,0,3,7,REG,0,Rogers Arena
2025020217,2025-11-05,2,SEA,SJS,1,6,SJS,SEA,0,5,7,REG,0,Climate Pledge Arena
2025020214,2025-11-05,2,WSH,STL,6,1,WSH,STL,1,5,7,REG,0,Capital One Arena
2025020213,2025-11-05,2,TOR,UTA,5,3,TOR,UTA,1,2,8,REG,0,Scotiabank Arena
2025020224,2025-11-06,2,DAL,ANA,5,7,ANA,DAL,0,2,12,REG,0,American Airlines Center
2025020218,2025-11-06,2,BOS,OTT,3,2,BOS,OTT,1,1,5,OT,1,TD Garden
2025020219,2025-11-06,2,BUF,STL,0,3,STL,BUF,0,3,3,REG,0,KeyBank Center
2025020222,2025-11-06,2,CAR,MIN,4,3,CAR,MIN,1,1,7,REG,0,Lenovo Center
2025020226,2025-11-06,2,LAK,FLA,2,5,FLA,LAK,0,3,7,REG,0,Crypto.com Arena
2025020220,2025-11-06,2,NJD,MTL,4,3,NJD,MTL,1,1,7,OT,1,Prudential Center
2025020223,2025-11-06,2,NSH,PHI,1,3,PHI,NSH,0,2,4,REG,0,Bridgestone Arena
2025020221,2025-11-06,2,PIT,WSH,5,3,PIT,WSH,1,2,8,REG,0,PPG Paints Arena
2025020225,2025-11-06,2,VGK,TBL,3,6,TBL,VGK,0,3,9,REG,0,T-Mobile Arena
2025020229,2025-11-07,2,CGY,CHI,0,4,CHI,CGY,0,4,4,REG,0,Scotiabank Saddledome
2025020227,2025-11-07,2,DET,NYR,1,4,NYR,DET,0,3,5,REG,0,Little Caesars Arena
2025020228,2025-11-07,2,NYI,MIN,2,5,MIN,NYI,0,3,7,REG,0,UBS Arena
2025020230,2025-11-07,2,SJS,WPG,2,1,SJS,WPG,1,1,3,REG,0,SAP Center at San Jose
2025020242,2025-11-08,2,VGK,ANA,3,4,ANA,VGK,0,1,7,OT,1,T-Mobile Arena
2025020234,2025-11-08,2,TOR,BOS,3,5,BOS,TOR,0,2,8,REG,0,Scotiabank Arena
2025020238,2025-11-08,2,CAR,BUF,6,3,CAR,BUF,1,3,9,REG,0,Lenovo Center
2025020241,2025-11-08,2,VAN,CBJ,4,3,VAN,CBJ,1,1,7,REG,0,Rogers Arena
2025020240,2025-11-08,2,EDM,COL,1,9,COL,EDM,0,8,10,REG,0,Rogers Place
2025020233,2025-11-08,2,NSH,DAL,4,5,DAL,NSH,0,1,9,REG,0,Bridgestone Arena
2025020243,2025-11-08,2,SJS,FLA,3,1,SJS,FLA,1,2,4,REG,0,SAP Center at San Jose
2025020235,2025-11-08,2,MTL,UTA,6,2,MTL,UTA,1,4,8,REG,0,Centre Bell
2025020231,2025-11-08,2,NJD,PIT,2,1,NJD,PIT,1,1,3,SO,1,Prudential Center
2025020237,2025-11-08,2,NYR,NYI,0,5,NYI,NYR,0,5,5,REG,0,Madison Square Garden
2025020232,2025-11-08,2,PHI,OTT,2,3,OTT,PHI,0,1,5,OT,1,Xfinity Mobile Arena
2025020239,2025-11-08,2,STL,SEA,3,4,SEA,STL,0,1,7,OT,1,Enterprise Center
2025020236,2025-11-08,2,TBL,WSH,3,2,TBL,WSH,1,1,5,REG,0,Benchmark International Arena
2025020251,2025-11-09,2,ANA,WPG,4,1,ANA,WPG,1,3,5,REG,0,Honda Center
2025020246,2025-11-09,2,TOR,CAR,4,5,CAR,TOR,0,1,9,REG,0,Scotiabank Arena
2025020249,2025-11-09,2,MIN,CGY,2,0,MIN,CGY,1,2,2,REG,0,Grand Casino Arena
2025020244,2025-11-09,2,DET,CHI,1,5,CHI,DET,0,4,6,REG,0,Little Caesars Arena
2025020250,2025-11-09,2,VAN,COL,4,5,COL,VAN,0,1,9,OT,1,Rogers Arena
2025020248,2025-11-09,2,DAL,SEA,2,1,DAL,SEA,1,1,3,REG,0,American Airlines Center
2025020245,2025-11-09,2,PIT,LAK,2,3,LAK,PIT,0,1,5,REG,0,PPG Paints Arena
2025020247,2025-11-09,2,OTT,UTA,4,2,OTT,UTA,1,2,6,REG,0,Canadian Tire Centre
2025020254,2025-11-10,2,EDM,CBJ,5,4,EDM,CBJ,1,1,9,OT,1,Rogers Place
2025020255,2025-11-10,2,VGK,FLA,2,3,FLA,VGK,0,1,5,REG,0,T-Mobile Arena
2025020252,2025-11-10,2,NJD,NYI,2,3,NYI,NJD,0,1,5,OT,1,Prudential Center
2025020253,2025-11-10,2,NYR,NSH,6,3,NYR,NSH,1,3,9,REG,0,Madison Square Garden
2025020262,2025-11-11,2,COL,ANA,4,1,COL,ANA,1,3,5,REG,0,Ball Arena
2025020256,2025-11-11,2,BOS,TOR,5,3,BOS,TOR,1,2,8,REG,0,TD Garden
2025020259,2025-11-11,2,CAR,WSH,1,4,WSH,CAR,0,3,5,REG,0,Lenovo Center
2025020264,2025-11-11,2,SEA,CBJ,1,2,CBJ,SEA,0,1,3,SO,1,Climate Pledge Arena
2025020260,2025-11-11,2,STL,CGY,3,2,STL,CGY,1,1,5,REG,0,Enterprise Center
2025020258,2025-11-11,2,OTT,DAL,2,3,DAL,OTT,0,1,5,OT,1,Canadian Tire Centre
2025020257,2025-11-11,2,MTL,LAK,1,5,LAK,MTL,0,4,6,REG,0,Centre Bell
2025020261,2025-11-11,2,MIN,SJS,1,2,SJS,MIN,0,1,3,OT,1,Grand Casino Arena
2025020263,2025-11-11,2,VAN,WPG,3,5,WPG,VAN,0,2,8,REG,0,Rogers Arena
2025020267,2025-11-12,2,UTA,BUF,5,2,UTA,BUF,1,3,7,REG,0,Delta Center
2025020268,2025-11-12,2,CHI,NJD,3,4,NJD,CHI,0,1,7,OT,1,United Center
2025020266,2025-11-12,2,PHI,EDM,1,2,EDM,PHI,0,1,3,OT,1,Xfinity Mobile Arena
2025020265,2025-11-12,2,TBL,NYR,3,7,NYR,TBL,0,4,10,REG,0,Benchmark International Arena
2025020272,2025-11-13,2,DET,ANA,6,3,DET,ANA,1,3,9,REG,0,Little Caesars Arena
2025020271,2025-11-13,2,OTT,BOS,5,3,OTT,BOS,1,2,8,REG,0,Canadian Tire Centre
2025020275,2025-11-13,2,COL,BUF,6,3,COL,BUF,1,3,9,REG,0,Ball Arena
2025020274,2025-11-13,2,CBJ,EDM,5,4,CBJ,EDM,1,1,9,REG,0,Nationwide Arena
2025020276,2025-11-13,2,CGY,SJS,2,0,CGY,SJS,1,2,2,REG,0,Scotiabank Saddledome
2025020270,2025-11-13,2,MTL,DAL,0,7,DAL,MTL,0,7,7,REG,0,Centre Bell
2025020273,2025-11-13,2,FLA,WSH,6,3,FLA,WSH,1,3,9,REG,0,Amerant Bank Arena
2025020269,2025-11-13,2,TOR,LAK,3,4,LAK,TOR,0,1,7,OT,1,Scotiabank Arena
2025020277,2025-11-13,2,VGK,NYI,3,4,NYI,VGK,0,1,7,OT,1,T-Mobile Arena
2025020278,2025-11-13,2,SEA,WPG,5,3,SEA,WPG,1,2,8,REG,0,Climate Pledge Arena
2025020279,2025-11-14,2,CAR,VAN,4,3,CAR,VAN,1,1,7,OT,1,Lenovo Center
2025020281,2025-11-14,2,NSH,PIT,2,1,NSH,PIT,1,1,3,OT,1,Avicii Arena
2025020282,2025-11-14,2,UTA,NYI,2,3,NYI,UTA,0,1,5,OT,1,Delta Center
2025020280,2025-11-14,2,STL,PHI,5,6,PHI,STL,0,1,11,SO,1,Enterprise Center
2025020284,2025-11-15,2,MIN,ANA,2,0,MIN,ANA,1,2,2,REG,0,Grand Casino Arena
2025020285,2025-11-15,2,MTL,BOS,2,3,BOS,MTL,0,1,5,REG,0,Centre Bell
2025020287,2025-11-15,2,DET,BUF,4,5,BUF,DET,0,1,9,OT,1,Little Caesars Arena
2025020289,2025-11-15,2,CAR,EDM,3,4,EDM,CAR,0,1,7,OT,1,Lenovo Center
2025020290,2025-11-15,2,CBJ,NYR,1,2,NYR,CBJ,0,1,3,SO,1,Nationwide Arena
2025020294,2025-11-15,2,CGY,WPG,3,4,WPG,CGY,0,1,7,SO,1,Scotiabank Saddledome
2025020291,2025-11-15,2,CHI,TOR,3,2,CHI,TOR,1,1,5,REG,0,United Center
2025020293,2025-11-15,2,DAL,PHI,5,1,DAL,PHI,1,4,6,REG,0,American Airlines Center
2025020283,2025-11-15,2,FLA,TBL,1,3,TBL,FLA,0,2,4,REG,0,Amerant Bank Arena
2025020286,2025-11-15,2,OTT,LAK,0,1,LAK,OTT,0,1,1,REG,0,Canadian Tire Centre
2025020288,2025-11-15,2,WSH,NJD,2,3,NJD,WSH,0,1,5,SO,1,Capital One Arena
2025020295,2025-11-15,2,SEA,SJS,4,1,SEA,SJS,1,3,5,REG,0,Climate Pledge Arena
2025020292,2025-11-15,2,STL,VGK,1,4,VGK,STL,0,3,5,REG,0,Enterprise Center
2025020300,2025-11-16,2,COL,NYI,4,1,COL,NYI,1,3,5,REG,0,Ball Arena
2025020299,2025-11-16,2,NYR,DET,1,2,DET,NYR,0,1,3,REG,0,Madison Square Garden
2025020298,2025-11-16,2,MIN,VGK,3,2,MIN,VGK,1,1,5,OT,1,Grand Casino Arena
2025020296,2025-11-16,2,PIT,NSH,4,0,PIT,NSH,1,4,4,REG,0,Avicii Arena
2025020297,2025-11-16,2,TBL,VAN,2,6,VAN,TBL,0,4,8,REG,0,Benchmark International Arena
2025020306,2025-11-17,2,ANA,UTA,3,2,ANA,UTA,1,1,5,OT,1,Honda Center
2025020301,2025-11-17,2,BOS,CAR,1,3,CAR,BOS,0,2,4,REG,0,TD Garden
2025020302,2025-11-17,2,BUF,EDM,5,1,BUF,EDM,1,4,6,REG,0,KeyBank Center
2025020305,2025-11-17,2,CBJ,MTL,4,3,CBJ,MTL,1,1,7,SO,1,Nationwide Arena
2025020303,2025-11-17,2,FLA,VAN,8,5,FLA,VAN,1,3,13,REG,0,Amerant Bank Arena
2025020304,2025-11-17,2,WSH,LAK,2,1,WSH,LAK,1,1,3,REG,0,Capital One Arena
2025020311,2025-11-18,2,WPG,CBJ,5,2,WPG,CBJ,1,3,7,REG,0,Canada Life Centre
2025020312,2025-11-18,2,CHI,CGY,5,2,CHI,CGY,1,3,7,REG,0,United Center
2025020310,2025-11-18,2,DAL,NYI,2,3,NYI,DAL,0,1,5,REG,0,American Airlines Center
2025020308,2025-11-18,2,DET,SEA,4,2,DET,SEA,1,2,6,REG,0,Little Caesars Arena
2025020309,2025-11-18,2,TBL,NJD,5,1,TBL,NJD,1,4,6,REG,0,Benchmark International Arena
2025020313,2025-11-18,2,VGK,NYR,3,2,VGK,NYR,1,1,5,REG,0,T-Mobile Arena
2025020314,2025-11-18,2,SJS,UTA,3,2,SJS,UTA,1,1,5,OT,1,SAP Center at San Jose
2025020307,2025-11-18,2,TOR,STL,3,2,TOR,STL,1,1,5,OT,1,Scotiabank Arena
2025020318,2025-11-19,2,ANA,BOS,4,3,ANA,BOS,1,1,7,REG,0,Honda Center
2025020316,2025-11-19,2,BUF,CGY,2,6,CGY,BUF,0,4,8,REG,0,KeyBank Center
2025020317,2025-11-19,2,MIN,CAR,4,3,MIN,CAR,1,1,7,SO,1,Grand Casino Arena
2025020315,2025-11-19,2,WSH,EDM,7,4,WSH,EDM,1,3,11,REG,0,Capital One Arena
2025020329,2025-11-20,2,ANA,OTT,2,3,OTT,ANA,0,1,5,REG,0,Honda Center
2025020319,2025-11-20,2,TOR,CBJ,2,3,CBJ,TOR,0,1,5,OT,1,Scotiabank Arena
2025020325,2025-11-20,2,CHI,SEA,2,3,SEA,CHI,0,1,5,REG,0,United Center
2025020326,2025-11-20,2,COL,NYR,6,3,COL,NYR,1,3,9,REG,0,Ball Arena
2025020328,2025-11-20,2,VAN,DAL,2,4,DAL,VAN,0,2,6,REG,0,Rogers Arena
2025020321,2025-11-20,2,DET,NYI,0,5,NYI,DET,0,5,5,REG,0,Little Caesars Arena
2025020322,2025-11-20,2,TBL,EDM,2,1,TBL,EDM,1,1,3,OT,1,Benchmark International Arena
2025020323,2025-11-20,2,FLA,NJD,1,0,FLA,NJD,1,1,1,REG,0,Amerant Bank Arena
2025020330,2025-11-20,2,SJS,LAK,4,3,SJS,LAK,1,1,7,SO,1,SAP Center at San Jose
2025020320,2025-11-20,2,MTL,WSH,4,8,WSH,MTL,0,4,12,REG,0,Centre Bell
2025020324,2025-11-20,2,PHI,STL,3,2,PHI,STL,1,1,5,OT,1,Xfinity Mobile Arena
2025020327,2025-11-20,2,UTA,VGK,1,4,VGK,UTA,0,3,5,REG,0,Delta Center
2025020334,2025-11-21,2,LAK,BOS,1,2,BOS,LAK,0,1,3,OT,1,Crypto.com Arena
2025020331,2025-11-21,2,BUF,CHI,9,3,BUF,CHI,1,6,12,REG,0,KeyBank Center
2025020333,2025-11-21,2,WPG,CAR,3,4,CAR,WPG,0,1,7,REG,0,Canada Life Centre
2025020332,2025-11-21,2,PIT,MIN,0,5,MIN,PIT,0,5,5,REG,0,PPG Paints Arena
2025020346,2025-11-22,2,ANA,VGK,4,3,ANA,VGK,1,1,7,OT,1,Honda Center
2025020335,2025-11-22,2,DET,CBJ,4,3,DET,CBJ,1,1,7,OT,1,Little Caesars Arena
2025020345,2025-11-22,2,CGY,DAL,3,2,CGY,DAL,1,1,5,SO,1,Scotiabank Saddledome
2025020343,2025-11-22,2,NSH,COL,0,3,COL,NSH,0,3,3,REG,0,Bridgestone Arena
2025020338,2025-11-22,2,FLA,EDM,3,6,EDM,FLA,0,3,9,REG,0,Amerant Bank Arena
2025020337,2025-11-22,2,MTL,TOR,5,2,MTL,TOR,1,3,7,REG,0,Centre Bell
2025020339,2025-11-22,2,PHI,NJD,6,3,PHI,NJD,1,3,9,REG,0,Xfinity Mobile Arena
2025020336,2025-11-22,2,NYI,STL,1,2,STL,NYI,0,1,3,REG,0,UBS Arena
2025020344,2025-11-22,2,UTA,NYR,3,2,UTA,NYR,1,1,5,REG,0,Delta Center
2025020342,2025-11-22,2,SJS,OTT,2,3,OTT,SJS,0,1,5,REG,0,SAP Center at San Jose
2025020340,2025-11-22,2,PIT,SEA,2,3,SEA,PIT,0,1,5,OT,1,PPG Paints Arena
2025020341,2025-11-22,2,WSH,TBL,3,5,TBL,WSH,0,2,8,REG,0,Capital One Arena
2025020351,2025-11-23,2,SJS,BOS,3,1,SJS,BOS,1,2,4,REG,0,SAP Center at San Jose
2025020347,2025-11-23,2,BUF,CAR,4,1,BUF,CAR,1,3,5,REG,0,KeyBank Center
2025020352,2025-11-23,2,VAN,CGY,2,5,CGY,VAN,0,3,7,REG,0,Rogers Arena
2025020350,2025-11-23,2,CHI,COL,0,1,COL,CHI,0,1,1,REG,0,United Center
2025020348,2025-11-23,2,WPG,MIN,0,3,MIN,WPG,0,3,3,REG,0,Canada Life Centre
2025020349,2025-11-23,2,NYI,SEA,1,0,NYI,SEA,1,1,1,SO,1,UBS Arena
2025020356,2025-11-24,2,WSH,CBJ,5,1,WSH,CBJ,1,4,6,REG,0,Capital One Arena
2025020354,2025-11-24,2,NJD,DET,4,3,NJD,DET,1,1,7,REG,0,Prudential Center
2025020357,2025-11-24,2,NSH,FLA,3,8,FLA,NSH,0,5,11,REG,0,Bridgestone Arena
2025020359,2025-11-24,2,LAK,OTT,2,1,LAK,OTT,1,1,3,REG,0,Crypto.com Arena
2025020355,2025-11-24,2,NYR,STL,3,2,NYR,STL,1,1,5,REG,0,Madison Square Garden
2025020353,2025-11-24,2,TBL,PHI,3,0,TBL,PHI,1,3,3,REG,0,Benchmark International Arena
2025020358,2025-11-24,2,UTA,VGK,5,1,UTA,VGK,1,4,6,REG,0,Delta Center
2025020360,2025-11-25,2,EDM,DAL,3,8,DAL,EDM,0,5,11,REG,0,Rogers Place
2025020374,2025-11-26,2,ANA,VAN,4,5,VAN,ANA,0,1,9,REG,0,Honda Center
2025020365,2025-11-26,2,NYI,BOS,1,3,BOS,NYI,0,2,4,REG,0,UBS Arena
2025020366,2025-11-26,2,PIT,BUF,4,2,PIT,BUF,1,2,6,REG,0,PPG Paints Arena
2025020368,2025-11-26,2,CAR,NYR,2,4,NYR,CAR,0,2,6,REG,0,Lenovo Center
2025020369,2025-11-26,2,CBJ,TOR,1,2,TOR,CBJ,0,1,3,OT,1,Nationwide Arena
2025020362,2025-11-26,2,TBL,CGY,5,1,TBL,CGY,1,4,6,REG,0,Benchmark International Arena
2025020370,2025-11-26,2,CHI,MIN,3,4,MIN,CHI,0,1,7,OT,1,United Center
2025020371,2025-11-26,2,COL,SJS,6,0,COL,SJS,1,6,6,REG,0,Ball Arena
2025020375,2025-11-26,2,SEA,DAL,2,3,DAL,SEA,0,1,5,REG,0,Climate Pledge Arena
2025020361,2025-11-26,2,DET,NSH,3,6,NSH,DET,0,3,9,REG,0,Little Caesars Arena
2025020363,2025-11-26,2,FLA,PHI,2,4,PHI,FLA,0,2,6,REG,0,Amerant Bank Arena
2025020372,2025-11-26,2,UTA,MTL,3,4,MTL,UTA,0,1,7,REG,0,Delta Center
2025020364,2025-11-26,2,NJD,STL,3,2,NJD,STL,1,1,5,OT,1,Prudential Center
2025020373,2025-11-26,2,VGK,OTT,3,4,OTT,VGK,0,1,7,SO,1,T-Mobile Arena
2025020367,2025-11-26,2,WSH,WPG,4,3,WSH,WPG,1,1,7,REG,0,Capital One Arena
2025020384,2025-11-28,2,ANA,LAK,5,4,ANA,LAK,1,1,9,SO,1,Honda Center
2025020376,2025-11-28,2,BOS,NYR,2,6,NYR,BOS,0,4,8,REG,0,TD Garden
2025020379,2025-11-28,2,BUF,NJD,0,5,NJD,BUF,0,5,5,REG,0,KeyBank Center
2025020387,2025-11-28,2,CAR,WPG,5,1,CAR,WPG,1,4,6,REG,0,Lenovo Center
2025020388,2025-11-28,2,CBJ,PIT,3,4,PIT,CBJ,0,1,7,OT,1,Nationwide Arena
2025020380,2025-11-28,2,FLA,CGY,3,5,CGY,FLA,0,2,8,REG,0,Amerant Bank Arena
2025020389,2025-11-28,2,CHI,NSH,3,4,NSH,CHI,0,1,7,REG,0,United Center
2025020378,2025-11-28,2,MIN,COL,3,2,MIN,COL,1,1,5,SO,1,Grand Casino Arena
2025020390,2025-11-28,2,DAL,UTA,4,3,DAL,UTA,1,1,7,REG,0,American Airlines Center
2025020377,2025-11-28,2,DET,TBL,3,6,TBL,DET,0,3,9,REG,0,Little Caesars Arena
2025020383,2025-11-28,2,VGK,MTL,1,4,MTL,VGK,0,3,5,REG,0,T-Mobile Arena
2025020381,2025-11-28,2,NYI,PHI,3,4,PHI,NYI,0,1,7,SO,1,UBS Arena
2025020382,2025-11-28,2,STL,OTT,4,3,STL,OTT,1,1,7,REG,0,Enterprise Center
2025020385,2025-11-28,2,SJS,VAN,3,2,SJS,VAN,1,1,5,REG,0,SAP Center at San Jose
2025020386,2025-11-28,2,WSH,TOR,4,2,WSH,TOR,1,2,6,REG,0,Capital One Arena
2025020394,2025-11-29,2,BOS,DET,3,2,BOS,DET,1,1,5,SO,1,TD Garden
2025020399,2025-11-29,2,MIN,BUF,2,3,BUF,MIN,0,1,5,SO,1,Grand Casino Arena
2025020392,2025-11-29,2,COL,MTL,7,2,COL,MTL,1,5,9,REG,0,Ball Arena
2025020393,2025-11-29,2,SEA,EDM,0,4,EDM,SEA,0,4,4,REG,0,Climate Pledge Arena
2025020401,2025-11-29,2,LAK,VAN,2,1,LAK,VAN,1,1,3,OT,1,Crypto.com Arena
2025020395,2025-11-29,2,NJD,PHI,3,5,PHI,NJD,0,2,8,REG,0,Prudential Center
2025020397,2025-11-29,2,NSH,WPG,2,5,WPG,NSH,0,3,7,REG,0,Bridgestone Arena
2025020391,2025-11-29,2,NYR,TBL,1,4,TBL,NYR,0,3,5,REG,0,Madison Square Garden
2025020396,2025-11-29,2,PIT,TOR,2,7,TOR,PIT,0,5,9,REG,0,PPG Paints Arena
2025020400,2025-11-29,2,VGK,SJS,4,3,VGK,SJS,1,1,7,REG,0,T-Mobile Arena
2025020398,2025-11-29,2,STL,UTA,1,0,STL,UTA,1,1,1,REG,0,Enterprise Center
2025020403,2025-11-30,2,CHI,ANA,5,3,CHI,ANA,1,2,8,REG,0,United Center
2025020404,2025-11-30,2,CAR,CGY,1,0,CAR,CGY,1,1,1,OT,1,Lenovo Center
2025020405,2025-11-30,2,DAL,OTT,6,1,DAL,OTT,1,5,7,REG,0,American Airlines Center
2025020402,2025-11-30,2,NYI,WSH,1,4,WSH,NYI,0,3,5,REG,0,UBS Arena
2025020409,2025-12-01,2,STL,ANA,1,4,ANA,STL,0,3,5,REG,0,Enterprise Center
2025020408,2025-12-01,2,BUF,WPG,5,1,BUF,WPG,1,4,6,REG,0,KeyBank Center
2025020406,2025-12-01,2,NJD,CBJ,3,5,CBJ,NJD,0,2,8,REG,0,Prudential Center
2025020407,2025-12-01,2,PHI,PIT,1,5,PIT,PHI,0,4,6,REG,0,Xfinity Mobile Arena
2025020410,2025-12-01,2,SJS,UTA,6,3,SJS,UTA,1,3,9,REG,0,SAP Center at San Jose
2025020412,2025-12-02,2,DET,BOS,5,4,DET,BOS,1,1,9,REG,0,Little Caesars Arena
2025020416,2025-12-02,2,NSH,CGY,5,1,NSH,CGY,1,4,6,REG,0,Bridgestone Arena
2025020419,2025-12-02,2,VGK,CHI,4,3,VGK,CHI,1,1,7,SO,1,T-Mobile Arena
2025020417,2025-12-02,2,COL,VAN,3,1,COL,VAN,1,2,4,REG,0,Ball Arena
2025020415,2025-12-02,2,NYR,DAL,3,2,NYR,DAL,1,1,5,OT,1,Madison Square Garden
2025020418,2025-12-02,2,EDM,MIN,0,1,MIN,EDM,0,1,1,REG,0,Rogers Place
2025020413,2025-12-02,2,FLA,TOR,1,4,TOR,FLA,0,3,5,REG,0,Amerant Bank Arena
2025020420,2025-12-02,2,LAK,WSH,1,3,WSH,LAK,0,2,4,REG,0,Crypto.com Arena
2025020411,2025-12-02,2,MTL,OTT,2,5,OTT,MTL,0,3,7,REG,0,Centre Bell
2025020414,2025-12-02,2,NYI,TBL,2,1,NYI,TBL,1,1,3,REG,0,UBS Arena
2025020424,2025-12-03,2,ANA,UTA,0,7,UTA,ANA,0,7,7,REG,0,Honda Center
2025020423,2025-12-03,2,PHI,BUF,5,2,PHI,BUF,1,3,7,REG,0,Xfinity Mobile Arena
2025020421,2025-12-03,2,NJD,DAL,0,3,DAL,NJD,0,3,3,REG,0,Prudential Center
2025020422,2025-12-03,2,MTL,WPG,3,2,MTL,WPG,1,1,5,SO,1,Centre Bell
2025020425,2025-12-03,2,SJS,WSH,1,7,WSH,SJS,0,6,8,REG,0,SAP Center at San Jose
2025020426,2025-12-04,2,BOS,STL,5,2,BOS,STL,1,3,7,REG,0,TD Garden
2025020431,2025-12-04,2,CAR,TOR,1,5,TOR,CAR,0,4,6,REG,0,Lenovo Center
2025020432,2025-12-04,2,CBJ,DET,6,5,CBJ,DET,1,1,11,SO,1,Nationwide Arena
2025020433,2025-12-04,2,CGY,MIN,4,1,CGY,MIN,1,3,5,REG,0,Scotiabank Saddledome
2025020435,2025-12-04,2,LAK,CHI,1,2,CHI,LAK,0,1,3,REG,0,Crypto.com Arena
2025020430,2025-12-04,2,NYI,COL,6,3,NYI,COL,1,3,9,REG,0,UBS Arena
2025020434,2025-12-04,2,EDM,SEA,9,4,EDM,SEA,1,5,13,REG,0,Rogers Place
2025020429,2025-12-04,2,FLA,NSH,1,2,NSH,FLA,0,1,3,OT,1,Amerant Bank Arena
2025020427,2025-12-04,2,OTT,NYR,2,4,NYR,OTT,0,2,6,REG,0,Canadian Tire Centre
2025020428,2025-12-04,2,TBL,PIT,3,4,PIT,TBL,0,1,7,REG,0,Benchmark International Arena
2025020440,2025-12-05,2,ANA,WSH,4,3,ANA,WSH,1,1,7,SO,1,Honda Center
2025020437,2025-12-05,2,WPG,BUF,4,1,WPG,BUF,1,3,5,REG,0,Canada Life Centre
2025020438,2025-12-05,2,DAL,SJS,4,1,DAL,SJS,1,3,5,REG,0,American Airlines Center
2025020436,2025-12-05,2,NJD,VGK,0,3,VGK,NJD,0,3,3,REG,0,Prudential Center
2025020439,2025-12-05,2,VAN,UTA,1,4,UTA,VAN,0,3,5,REG,0,Rogers Arena
2025020443,2025-12-06,2,BOS,NJD,4,1,BOS,NJD,1,3,5,REG,0,TD Garden
2025020447,2025-12-06,2,CAR,NSH,6,3,CAR,NSH,1,3,9,REG,0,Lenovo Center
2025020442,2025-12-06,2,FLA,CBJ,7,6,FLA,CBJ,1,1,13,OT,1,Amerant Bank Arena
2025020448,2025-12-06,2,CGY,UTA,2,0,CGY,UTA,1,2,2,REG,0,Scotiabank Saddledome
2025020449,2025-12-06,2,LAK,CHI,6,0,LAK,CHI,1,6,6,REG,0,Crypto.com Arena
2025020441,2025-12-06,2,NYR,COL,2,3,COL,NYR,0,1,5,OT,1,Madison Square Garden
2025020452,2025-12-06,2,SEA,DET,3,4,DET,SEA,0,1,7,REG,0,Climate Pledge Arena
2025020450,2025-12-06,2,EDM,WPG,6,2,EDM,WPG,1,4,8,REG,0,Rogers Place
2025020451,2025-12-06,2,VAN,MIN,4,2,VAN,MIN,1,2,6,REG,0,Rogers Arena
2025020444,2025-12-06,2,TOR,MTL,1,2,MTL,TOR,0,1,3,SO,1,Scotiabank Arena
2025020446,2025-12-06,2,TBL,NYI,0,2,NYI,TBL,0,2,2,REG,0,Benchmark International Arena
2025020445,2025-12-06,2,OTT,STL,1,2,STL,OTT,0,1,3,REG,0,Canadian Tire Centre
2025020460,2025-12-07,2,ANA,CHI,7,1,ANA,CHI,1,6,8,REG,0,Honda Center
2025020455,2025-12-07,2,CAR,SJS,1,4,SJS,CAR,0,3,5,REG,0,Lenovo Center
2025020459,2025-12-07,2,WSH,CBJ,2,0,WSH,CBJ,1,2,2,REG,0,Capital One Arena
2025020453,2025-12-07,2,PHI,COL,2,3,COL,PHI,0,1,5,REG,0,Xfinity Mobile Arena
2025020456,2025-12-07,2,DAL,PIT,3,2,DAL,PIT,1,1,5,SO,1,American Airlines Center
2025020454,2025-12-07,2,FLA,NYI,4,1,FLA,NYI,1,3,5,REG,0,Amerant Bank Arena
2025020457,2025-12-07,2,MTL,STL,3,4,STL,MTL,0,1,7,REG,0,Centre Bell
2025020458,2025-12-07,2,NYR,VGK,2,3,VGK,NYR,0,1,5,OT,1,Madison Square Garden
2025020463,2025-12-08,2,CGY,BUF,7,4,CGY,BUF,1,3,11,REG,0,Scotiabank Saddledome
2025020464,2025-12-08,2,VAN,DET,0,4,DET,VAN,0,4,4,REG,0,Rogers Arena
2025020462,2025-12-08,2,UTA,LAK,2,4,LAK,UTA,0,2,6,REG,0,Delta Center
2025020465,2025-12-08,2,SEA,MIN,1,4,MIN,SEA,0,3,5,REG,0,Climate Pledge Arena
2025020461,2025-12-08,2,TOR,TBL,2,0,TOR,TBL,1,2,2,REG,0,Scotiabank Arena
2025020470,2025-12-09,2,PIT,ANA,3,4,ANA,PIT,0,1,7,SO,1,PPG Paints Arena
2025020472,2025-12-09,2,STL,BOS,2,5,BOS,STL,0,3,7,REG,0,Enterprise Center
2025020474,2025-12-09,2,EDM,BUF,3,4,BUF,EDM,0,1,7,OT,1,Rogers Place
2025020471,2025-12-09,2,CAR,CBJ,4,1,CAR,CBJ,1,3,5,REG,0,Lenovo Center
2025020475,2025-12-09,2,NSH,COL,4,3,NSH,COL,1,1,7,SO,1,Bridgestone Arena
2025020473,2025-12-09,2,WPG,DAL,3,4,DAL,WPG,0,1,7,REG,0,Canada Life Centre
2025020466,2025-12-09,2,MTL,TBL,1,6,TBL,MTL,0,5,7,REG,0,Centre Bell
2025020467,2025-12-09,2,OTT,NJD,3,4,NJD,OTT,0,1,7,REG,0,Canadian Tire Centre
2025020468,2025-12-09,2,NYI,VGK,5,4,NYI,VGK,1,1,9,SO,1,UBS Arena
2025020469,2025-12-09,2,PHI,SJS,4,1,PHI,SJS,1,3,5,REG,0,Xfinity Mobile Arena
2025020477,2025-12-10,2,CGY,DET,3,4,DET,CGY,0,1,7,REG,0,Scotiabank Saddledome
2025020476,2025-12-10,2,CHI,NYR,3,0,CHI,NYR,1,3,3,REG,0,United Center
2025020478,2025-12-10,2,UTA,FLA,3,4,FLA,UTA,0,1,7,REG,0,Delta Center
2025020479,2025-12-10,2,SEA,LAK,3,2,SEA,LAK,1,1,5,OT,1,Climate Pledge Arena
2025020482,2025-12-11,2,NYI,ANA,5,2,NYI,ANA,1,3,7,REG,0,UBS Arena
2025020489,2025-12-11,2,WPG,BOS,3,6,BOS,WPG,0,3,9,REG,0,Canada Life Centre
2025020492,2025-12-11,2,VAN,BUF,2,3,BUF,VAN,0,1,5,REG,0,Rogers Arena
2025020485,2025-12-11,2,WSH,CAR,2,3,CAR,WSH,0,1,5,SO,1,Capital One Arena
2025020486,2025-12-11,2,CBJ,OTT,3,6,OTT,CBJ,0,3,9,REG,0,Nationwide Arena
2025020490,2025-12-11,2,COL,FLA,6,2,COL,FLA,1,4,8,REG,0,Ball Arena
2025020488,2025-12-11,2,MIN,DAL,5,2,MIN,DAL,1,3,7,REG,0,Grand Casino Arena
2025020491,2025-12-11,2,EDM,DET,4,1,EDM,DET,1,3,5,REG,0,Rogers Place
2025020484,2025-12-11,2,PIT,MTL,2,4,MTL,PIT,0,2,6,REG,0,PPG Paints Arena
2025020481,2025-12-11,2,NJD,TBL,4,8,TBL,NJD,0,4,12,REG,0,Prudential Center
2025020487,2025-12-11,2,NSH,STL,7,2,NSH,STL,1,5,9,REG,0,Bridgestone Arena
2025020483,2025-12-11,2,PHI,VGK,2,3,VGK,PHI,0,1,5,OT,1,Xfinity Mobile Arena
2025020480,2025-12-11,2,TOR,SJS,2,3,SJS,TOR,0,1,5,OT,1,Scotiabank Arena
2025020493,2025-12-12,2,STL,CHI,3,2,STL,CHI,1,1,5,REG,0,Enterprise Center
2025020494,2025-12-12,2,UTA,SEA,5,3,UTA,SEA,1,2,8,REG,0,Delta Center
2025020495,2025-12-13,2,NJD,ANA,4,1,NJD,ANA,1,3,5,REG,0,Prudential Center
2025020501,2025-12-13,2,PHI,CAR,3,4,CAR,PHI,0,1,7,SO,1,Xfinity Mobile Arena
2025020502,2025-12-13,2,CBJ,VGK,2,3,VGK,CBJ,0,1,5,REG,0,Nationwide Arena
2025020507,2025-12-13,2,LAK,CGY,1,2,CGY,LAK,0,1,3,OT,1,Crypto.com Arena
2025020504,2025-12-13,2,CHI,DET,0,4,DET,CHI,0,4,4,REG,0,United Center
2025020506,2025-12-13,2,COL,NSH,4,2,COL,NSH,1,2,6,REG,0,Ball Arena
2025020505,2025-12-13,2,DAL,FLA,0,4,FLA,DAL,0,4,4,REG,0,American Airlines Center
2025020499,2025-12-13,2,TOR,EDM,3,6,EDM,TOR,0,3,9,REG,0,Scotiabank Arena
2025020496,2025-12-13,2,MIN,OTT,3,2,MIN,OTT,1,1,5,REG,0,Grand Casino Arena
2025020500,2025-12-13,2,NYR,MTL,5,4,NYR,MTL,1,1,9,OT,1,Madison Square Garden
2025020498,2025-12-13,2,NYI,TBL,3,2,NYI,TBL,1,1,5,SO,1,UBS Arena
2025020497,2025-12-13,2,PIT,SJS,5,6,SJS,PIT,0,1,11,OT,1,PPG Paints Arena
2025020503,2025-12-13,2,WPG,WSH,5,1,WPG,WSH,1,4,6,REG,0,Canada Life Centre
2025020511,2025-12-14,2,MIN,BOS,6,2,MIN,BOS,1,4,8,REG,0,Grand Casino Arena
2025020513,2025-12-14,2,SEA,BUF,1,3,BUF,SEA,0,2,4,REG,0,Climate Pledge Arena
2025020510,2025-12-14,2,CAR,PHI,3,2,CAR,PHI,1,1,5,SO,1,Lenovo Center
2025020512,2025-12-14,2,MTL,EDM,4,1,MTL,EDM,1,3,5,REG,0,Centre Bell
2025020508,2025-12-14,2,NJD,VAN,1,2,VAN,NJD,0,1,3,REG,0,Prudential Center
2025020509,2025-12-14,2,PIT,UTA,4,5,UTA,PIT,0,1,9,OT,1,PPG Paints Arena
2025020515,2025-12-15,2,NYR,ANA,1,4,ANA,NYR,0,3,5,REG,0,Madison Square Garden
2025020518,2025-12-15,2,DAL,LAK,4,1,DAL,LAK,1,3,5,REG,0,American Airlines Center
2025020514,2025-12-15,2,TBL,FLA,2,5,FLA,TBL,0,3,7,REG,0,Benchmark International Arena
2025020517,2025-12-15,2,STL,NSH,2,5,NSH,STL,0,3,7,REG,0,Enterprise Center
2025020516,2025-12-15,2,WPG,OTT,2,3,OTT,WPG,0,1,5,OT,1,Canada Life Centre
2025020525,2025-12-16,2,CBJ,ANA,4,3,CBJ,ANA,1,1,7,OT,1,Nationwide Arena
2025020519,2025-12-16,2,BOS,UTA,4,1,BOS,UTA,1,3,5,REG,0,TD Garden
2025020527,2025-12-16,2,SJS,CGY,6,3,SJS,CGY,1,3,9,REG,0,SAP Center at San Jose
2025020520,2025-12-16,2,TOR,CHI,3,2,TOR,CHI,1,1,5,REG,0,Scotiabank Arena
2025020528,2025-12-16,2,SEA,COL,3,5,COL,SEA,0,2,8,REG,0,Climate Pledge Arena
2025020522,2025-12-16,2,DET,NYI,3,2,DET,NYI,1,1,5,REG,0,Little Caesars Arena
2025020524,2025-12-16,2,PIT,EDM,4,6,EDM,PIT,0,2,10,REG,0,PPG Paints Arena
2025020526,2025-12-16,2,MIN,WSH,5,0,MIN,WSH,1,5,5,REG,0,Grand Casino Arena
2025020521,2025-12-16,2,MTL,PHI,1,4,PHI,MTL,0,3,5,REG,0,Centre Bell
2025020523,2025-12-16,2,NYR,VAN,0,3,VAN,NYR,0,3,3,REG,0,Madison Square Garden
2025020532,2025-12-17,2,NSH,CAR,1,4,CAR,NSH,0,3,5,REG,0,Bridgestone Arena
2025020530,2025-12-17,2,DET,UTA,1,4,UTA,DET,0,3,5,REG,0,Little Caesars Arena
2025020529,2025-12-17,2,FLA,LAK,3,2,FLA,LAK,1,1,5,REG,0,Amerant Bank Arena
2025020533,2025-12-17,2,VGK,NJD,1,2,NJD,VGK,0,1,3,SO,1,T-Mobile Arena
2025020531,2025-12-17,2,STL,WPG,1,0,STL,WPG,1,1,1,REG,0,Enterprise Center
2025020534,2025-12-18,2,BOS,EDM,1,3,EDM,BOS,0,2,4,REG,0,TD Garden
2025020535,2025-12-18,2,BUF,PHI,5,3,BUF,PHI,1,2,8,REG,0,KeyBank Center
2025020540,2025-12-18,2,CBJ,MIN,2,5,MIN,CBJ,0,3,7,REG,0,Nationwide Arena
2025020542,2025-12-18,2,CGY,SEA,4,2,CGY,SEA,1,2,6,REG,0,Scotiabank Saddledome
2025020536,2025-12-18,2,MTL,CHI,4,1,MTL,CHI,1,3,5,REG,0,Centre Bell
2025020543,2025-12-18,2,SJS,DAL,3,5,DAL,SJS,0,2,8,REG,0,SAP Center at San Jose
2025020538,2025-12-18,2,TBL,LAK,1,2,LAK,TBL,0,1,3,REG,0,Benchmark International Arena
2025020541,2025-12-18,2,STL,NYR,1,2,NYR,STL,0,1,3,OT,1,Enterprise Center
2025020537,2025-12-18,2,OTT,PIT,4,0,OTT,PIT,1,4,4,REG,0,Canadian Tire Centre
2025020539,2025-12-18,2,WSH,TOR,4,0,WSH,TOR,1,4,4,REG,0,Capital One Arena
2025020548,2025-12-19,2,ANA,DAL,3,8,DAL,ANA,0,5,11,REG,0,Honda Center
2025020544,2025-12-19,2,FLA,CAR,4,3,FLA,CAR,1,1,7,SO,1,Amerant Bank Arena
2025020546,2025-12-19,2,COL,WPG,3,2,COL,WPG,1,1,5,REG,0,Ball Arena
2025020547,2025-12-19,2,UTA,NJD,1,2,NJD,UTA,0,1,3,REG,0,Delta Center
2025020545,2025-12-19,2,NYI,VAN,1,4,VAN,NYI,0,3,5,REG,0,UBS Arena
2025020560,2025-12-20,2,ANA,CBJ,4,3,ANA,CBJ,1,1,7,REG,0,Honda Center
2025020555,2025-12-20,2,BOS,VAN,4,5,VAN,BOS,0,1,9,SO,1,TD Garden
2025020553,2025-12-20,2,BUF,NYI,3,2,BUF,NYI,1,1,5,SO,1,KeyBank Center
2025020557,2025-12-20,2,TBL,CAR,6,4,TBL,CAR,1,2,10,REG,0,Benchmark International Arena
2025020559,2025-12-20,2,CGY,VGK,6,3,CGY,VGK,1,3,9,REG,0,Scotiabank Saddledome
2025020551,2025-12-20,2,OTT,CHI,6,4,OTT,CHI,1,2,10,REG,0,Canadian Tire Centre
2025020550,2025-12-20,2,WSH,DET,2,5,DET,WSH,0,3,7,REG,0,Capital One Arena
2025020552,2025-12-20,2,MIN,EDM,5,2,MIN,EDM,1,3,7,REG,0,Grand Casino Arena
2025020554,2025-12-20,2,FLA,STL,2,6,STL,FLA,0,4,8,REG,0,Amerant Bank Arena
2025020556,2025-12-20,2,MTL,PIT,4,0,MTL,PIT,1,4,4,REG,0,Centre Bell
2025020558,2025-12-20,2,NSH,TOR,5,3,NSH,TOR,1,2,8,REG,0,Bridgestone Arena
2025020549,2025-12-20,2,NYR,PHI,5,4,NYR,PHI,1,1,9,SO,1,Madison Square Garden
2025020561,2025-12-20,2,SJS,SEA,2,4,SEA,SJS,0,2,6,REG,0,SAP Center at San Jose
2025020564,2025-12-21,2,BOS,OTT,2,6,OTT,BOS,0,4,8,REG,0,TD Garden
2025020565,2025-12-21,2,NJD,BUF,1,3,BUF,NJD,0,2,4,REG,0,Prudential Center
2025020563,2025-12-21,2,MIN,COL,1,5,COL,MIN,0,4,6,REG,0,Grand Casino Arena
2025020568,2025-12-21,2,DAL,TOR,5,1,DAL,TOR,1,4,6,REG,0,American Airlines Center
2025020562,2025-12-21,2,DET,WSH,3,2,DET,WSH,1,1,5,OT,1,Little Caesars Arena
2025020570,2025-12-21,2,EDM,VGK,4,3,EDM,VGK,1,1,7,REG,0,Rogers Place
2025020566,2025-12-21,2,PIT,MTL,4,3,PIT,MTL,1,1,7,SO,1,PPG Paints Arena
2025020567,2025-12-21,2,NSH,NYR,2,1,NSH,NYR,1,1,3,REG,0,Bridgestone Arena
2025020569,2025-12-21,2,UTA,WPG,4,3,UTA,WPG,1,1,7,OT,1,Delta Center
2025020573,2025-12-22,2,ANA,SEA,1,3,SEA,ANA,0,2,4,REG,0,Honda Center
2025020574,2025-12-22,2,LAK,CBJ,1,3,CBJ,LAK,0,2,4,REG,0,Crypto.com Arena
2025020572,2025-12-22,2,PHI,VAN,5,2,PHI,VAN,1,3,7,REG,0,Xfinity Mobile Arena
2025020571,2025-12-22,2,TBL,STL,4,1,TBL,STL,1,3,5,REG,0,Benchmark International Arena
2025020577,2025-12-23,2,BOS,MTL,2,6,MTL,BOS,0,4,8,REG,0,TD Garden
2025020578,2025-12-23,2,OTT,BUF,2,3,BUF,OTT,0,1,5,OT,1,Canadian Tire Centre
2025020581,2025-12-23,2,CAR,FLA,2,5,FLA,CAR,0,3,7,REG,0,Lenovo Center
2025020585,2025-12-23,2,EDM,CGY,5,1,EDM,CGY,1,4,6,REG,0,Rogers Place
2025020583,2025-12-23,2,CHI,PHI,1,3,PHI,CHI,0,2,4,REG,0,United Center
2025020584,2025-12-23,2,COL,UTA,1,0,COL,UTA,1,1,1,REG,0,Ball Arena
2025020579,2025-12-23,2,DET,DAL,4,3,DET,DAL,1,1,7,OT,1,Little Caesars Arena
2025020587,2025-12-23,2,LAK,SEA,2,3,SEA,LAK,0,1,5,REG,0,Crypto.com Arena
2025020582,2025-12-23,2,MIN,NSH,2,3,NSH,MIN,0,1,5,OT,1,Grand Casino Arena
2025020580,2025-12-23,2,NYI,NJD,2,1,NYI,NJD,1,1,3,REG,0,UBS Arena
2025020576,2025-12-23,2,WSH,NYR,3,7,NYR,WSH,0,4,10,REG,0,Capital One Arena
2025020575,2025-12-23,2,TOR,PIT,6,3,TOR,PIT,1,3,9,REG,0,Scotiabank Arena
2025020586,2025-12-23,2,VGK,SJS,7,2,VGK,SJS,1,5,9,REG,0,T-Mobile Arena
2025020597,2025-12-27,2,LAK,ANA,6,1,LAK,ANA,1,5,7,REG,0,Crypto.com Arena
2025020589,2025-12-27,2,BUF,BOS,4,1,BUF,BOS,1,3,5,REG,0,KeyBank Center
2025020593,2025-12-27,2,CAR,DET,5,2,CAR,DET,1,3,7,REG,0,Lenovo Center
2025020598,2025-12-27,2,CGY,EDM,3,2,CGY,EDM,1,1,5,REG,0,Scotiabank Saddledome
2025020596,2025-12-27,2,DAL,CHI,3,4,CHI,DAL,0,1,7,SO,1,American Airlines Center
2025020600,2025-12-27,2,VGK,COL,5,6,COL,VGK,0,1,11,SO,1,T-Mobile Arena
2025020591,2025-12-27,2,FLA,TBL,2,4,TBL,FLA,0,2,6,REG,0,Amerant Bank Arena
2025020594,2025-12-27,2,WPG,MIN,3,4,MIN,WPG,0,1,7,OT,1,Canada Life Centre
2025020592,2025-12-27,2,NJD,WSH,3,4,WSH,NJD,0,1,7,OT,1,Prudential Center
2025020595,2025-12-27,2,STL,NSH,3,2,STL,NSH,1,1,5,REG,0,Enterprise Center
2025020588,2025-12-27,2,NYI,NYR,2,0,NYI,NYR,1,2,2,REG,0,UBS Arena
2025020590,2025-12-27,2,TOR,OTT,7,5,TOR,OTT,1,2,12,REG,0,Scotiabank Arena
2025020599,2025-12-27,2,VAN,SJS,3,6,SJS,VAN,0,3,9,REG,0,Rogers Arena
2025020603,2025-12-28,2,CBJ,NYI,4,2,CBJ,NYI,1,2,6,REG,0,Nationwide Arena
2025020604,2025-12-28,2,CHI,PIT,3,7,PIT,CHI,0,4,10,REG,0,United Center
2025020601,2025-12-28,2,DET,TOR,3,2,DET,TOR,1,1,5,OT,1,Little Caesars Arena
2025020602,2025-12-28,2,TBL,MTL,5,4,TBL,MTL,1,1,9,SO,1,Benchmark International Arena
2025020605,2025-12-28,2,SEA,PHI,4,1,SEA,PHI,1,3,5,REG,0,Climate Pledge Arena
2025020615,2025-12-29,2,ANA,SJS,4,5,SJS,ANA,0,1,9,REG,0,Honda Center
2025020613,2025-12-29,2,CGY,BOS,2,1,CGY,BOS,1,1,3,OT,1,Scotiabank Saddledome
2025020610,2025-12-29,2,STL,BUF,2,4,BUF,STL,0,2,6,REG,0,Enterprise Center
2025020608,2025-12-29,2,CAR,NYR,3,2,CAR,NYR,1,1,5,OT,1,Lenovo Center
2025020606,2025-12-29,2,OTT,CBJ,1,4,CBJ,OTT,0,3,5,REG,0,Canadian Tire Centre
2025020611,2025-12-29,2,COL,LAK,5,2,COL,LAK,1,3,7,REG,0,Ball Arena
2025020609,2025-12-29,2,WPG,EDM,1,3,EDM,WPG,0,2,4,REG,0,Canada Life Centre
2025020607,2025-12-29,2,FLA,WSH,5,3,FLA,WSH,1,2,8,REG,0,Amerant Bank Arena
2025020614,2025-12-29,2,VGK,MIN,2,5,MIN,VGK,0,3,7,REG,0,T-Mobile Arena
2025020612,2025-12-29,2,UTA,NSH,3,4,NSH,UTA,0,1,7,REG,0,Delta Center
2025020616,2025-12-29,2,SEA,VAN,2,3,VAN,SEA,0,1,5,SO,1,Climate Pledge Arena
2025020619,2025-12-30,2,PIT,CAR,5,1,PIT,CAR,1,4,6,REG,0,PPG Paints Arena
2025020620,2025-12-30,2,CHI,NYI,2,3,NYI,CHI,0,1,5,SO,1,United Center
2025020618,2025-12-30,2,FLA,MTL,2,3,MTL,FLA,0,1,5,OT,1,Amerant Bank Arena
2025020617,2025-12-30,2,TOR,NJD,4,0,TOR,NJD,1,4,4,REG,0,Scotiabank Arena
2025020621,2025-12-30,2,VAN,PHI,3,6,PHI,VAN,0,3,9,REG,0,Rogers Arena
2025020624,2025-12-31,2,ANA,TBL,3,4,TBL,ANA,0,1,7,OT,1,Honda Center
2025020631,2025-12-31,2,EDM,BOS,2,6,BOS,EDM,0,4,8,REG,0,Rogers Place
2025020628,2025-12-31,2,DAL,BUF,1,4,BUF,DAL,0,3,5,REG,0,American Airlines Center
2025020627,2025-12-31,2,CBJ,NJD,2,3,NJD,CBJ,0,1,5,REG,0,Nationwide Arena
2025020630,2025-12-31,2,CGY,PHI,5,1,CGY,PHI,1,4,6,REG,0,Scotiabank Saddledome
2025020629,2025-12-31,2,COL,STL,6,1,COL,STL,1,5,7,REG,0,Ball Arena
2025020626,2025-12-31,2,DET,WPG,2,1,DET,WPG,1,1,3,REG,0,Little Caesars Arena
2025020625,2025-12-31,2,SJS,MIN,4,3,SJS,MIN,1,1,7,SO,1,SAP Center at San Jose
2025020623,2025-12-31,2,VGK,NSH,2,4,NSH,VGK,0,2,6,REG,0,T-Mobile Arena
2025020622,2025-12-31,2,WSH,NYR,6,3,WSH,NYR,1,3,9,REG,0,Capital One Arena
2025020636,2026-01-01,2,CAR,MTL,5,7,MTL,CAR,0,2,12,REG,0,Lenovo Center
2025020637,2026-01-01,2,CHI,DAL,4,3,CHI,DAL,1,1,7,REG,0,United Center
2025020635,2026-01-01,2,PIT,DET,4,3,PIT,DET,1,1,7,OT,1,PPG Paints Arena
2025020639,2026-01-01,2,LAK,TBL,3,5,TBL,LAK,0,2,8,REG,0,Crypto.com Arena
2025020638,2026-01-01,2,SEA,NSH,4,1,SEA,NSH,1,3,5,REG,0,Climate Pledge Arena
2025020633,2026-01-01,2,NYI,UTA,2,7,UTA,NYI,0,5,9,REG,0,UBS Arena
2025020632,2026-01-01,2,OTT,WSH,4,3,OTT,WSH,1,1,7,REG,0,Canadian Tire Centre
2025020634,2026-01-01,2,TOR,WPG,6,5,TOR,WPG,1,1,11,REG,0,Scotiabank Arena
2025020643,2026-01-02,2,ANA,MIN,2,5,MIN,ANA,0,3,7,REG,0,Honda Center
2025020641,2026-01-02,2,FLA,NYR,1,5,NYR,FLA,0,4,6,REG,0,loanDepot park
2025020642,2026-01-02,2,VAN,SEA,3,4,SEA,VAN,0,1,7,SO,1,Rogers Arena
2025020640,2026-01-02,2,STL,VGK,4,3,STL,VGK,1,1,7,REG,0,Enterprise Center
2025020656,2026-01-03,2,VAN,BOS,2,3,BOS,VAN,0,1,5,OT,1,Rogers Arena
2025020646,2026-01-03,2,CBJ,BUF,5,1,CBJ,BUF,1,4,6,REG,0,Nationwide Arena
2025020653,2026-01-03,2,CAR,COL,3,5,COL,CAR,0,2,8,REG,0,Lenovo Center
2025020654,2026-01-03,2,CGY,NSH,3,4,NSH,CGY,0,1,7,REG,0,Scotiabank Saddledome
2025020652,2026-01-03,2,WSH,CHI,2,3,CHI,WSH,0,1,5,SO,1,Capital One Arena
2025020644,2026-01-03,2,DET,PIT,1,4,PIT,DET,0,3,5,REG,0,Little Caesars Arena
2025020647,2026-01-03,2,EDM,PHI,2,5,PHI,EDM,0,3,7,REG,0,Rogers Place
2025020655,2026-01-03,2,LAK,MIN,5,4,LAK,MIN,1,1,9,SO,1,Crypto.com Arena
2025020648,2026-01-03,2,STL,MTL,2,0,STL,MTL,1,2,2,REG,0,Enterprise Center
2025020645,2026-01-03,2,NJD,UTA,4,1,NJD,UTA,1,3,5,REG,0,Prudential Center
2025020651,2026-01-03,2,NYI,TOR,4,3,NYI,TOR,1,1,7,OT,1,UBS Arena
2025020650,2026-01-03,2,OTT,WPG,4,2,OTT,WPG,1,2,6,REG,0,Canadian Tire Centre
2025020649,2026-01-03,2,SJS,TBL,3,7,TBL,SJS,0,4,10,REG,0,SAP Center at San Jose
2025020660,2026-01-04,2,NJD,CAR,1,3,CAR,NJD,0,2,4,REG,0,Prudential Center
2025020658,2026-01-04,2,CBJ,PIT,4,5,PIT,CBJ,0,1,9,OT,1,Nationwide Arena
2025020661,2026-01-04,2,CHI,VGK,3,2,CHI,VGK,1,1,5,OT,1,United Center
2025020659,2026-01-04,2,FLA,COL,2,1,FLA,COL,1,1,3,REG,0,Amerant Bank Arena
2025020657,2026-01-04,2,DAL,MTL,3,4,MTL,DAL,0,1,7,OT,1,American Airlines Center
2025020663,2026-01-05,2,WSH,ANA,7,4,WSH,ANA,1,3,11,REG,0,Capital One Arena
2025020665,2026-01-05,2,CGY,SEA,1,5,SEA,CGY,0,4,6,REG,0,Scotiabank Saddledome
2025020664,2026-01-05,2,OTT,DET,3,5,DET,OTT,0,2,8,REG,0,Canadian Tire Centre
2025020666,2026-01-05,2,LAK,MIN,4,2,LAK,MIN,1,2,6,REG,0,Crypto.com Arena
2025020662,2026-01-05,2,NYR,UTA,2,3,UTA,NYR,0,1,5,OT,1,Madison Square Garden
2025020670,2026-01-06,2,PHI,ANA,5,2,PHI,ANA,1,3,7,REG,0,Xfinity Mobile Arena
2025020676,2026-01-06,2,SEA,BOS,7,4,SEA,BOS,1,3,11,REG,0,Climate Pledge Arena
2025020667,2026-01-06,2,BUF,VAN,5,3,BUF,VAN,1,2,8,REG,0,KeyBank Center
2025020671,2026-01-06,2,CAR,DAL,6,3,CAR,DAL,1,3,9,REG,0,Lenovo Center
2025020675,2026-01-06,2,SJS,CBJ,5,2,SJS,CBJ,1,3,7,REG,0,SAP Center at San Jose
2025020668,2026-01-06,2,TBL,COL,4,2,TBL,COL,1,2,6,REG,0,Benchmark International Arena
2025020674,2026-01-06,2,EDM,NSH,6,2,EDM,NSH,1,4,8,REG,0,Rogers Place
2025020672,2026-01-06,2,TOR,FLA,4,1,TOR,FLA,1,3,5,REG,0,Scotiabank Arena
2025020669,2026-01-06,2,NYI,NJD,9,0,NYI,NJD,1,9,9,REG,0,UBS Arena
2025020673,2026-01-06,2,WPG,VGK,3,4,VGK,WPG,0,1,7,OT,1,Canada Life Centre
2025020678,2026-01-07,2,MTL,CGY,4,1,MTL,CGY,1,3,5,REG,0,Centre Bell
2025020679,2026-01-07,2,CHI,STL,7,3,CHI,STL,1,4,10,REG,0,United Center
2025020677,2026-01-07,2,WSH,DAL,1,4,DAL,WSH,0,3,5,REG,0,Capital One Arena
2025020681,2026-01-07,2,LAK,SJS,3,4,SJS,LAK,0,1,7,OT,1,Crypto.com Arena
2025020680,2026-01-07,2,UTA,OTT,3,1,UTA,OTT,1,2,4,REG,0,Delta Center
2025020688,2026-01-08,2,CAR,ANA,5,2,CAR,ANA,1,3,7,REG,0,Lenovo Center
2025020682,2026-01-08,2,BOS,CGY,4,1,BOS,CGY,1,3,5,REG,0,TD Garden
2025020685,2026-01-08,2,NYR,BUF,2,5,BUF,NYR,0,3,7,REG,0,Madison Square Garden
2025020692,2026-01-08,2,VGK,CBJ,5,3,VGK,CBJ,1,2,8,REG,0,T-Mobile Arena
2025020691,2026-01-08,2,COL,OTT,8,2,COL,OTT,1,6,10,REG,0,Ball Arena
2025020684,2026-01-08,2,DET,VAN,5,1,DET,VAN,1,4,6,REG,0,Little Caesars Arena
2025020690,2026-01-08,2,WPG,EDM,3,4,EDM,WPG,0,1,7,REG,0,Canada Life Centre
2025020683,2026-01-08,2,MTL,FLA,6,2,MTL,FLA,1,4,8,REG,0,Centre Bell
2025020693,2026-01-08,2,SEA,MIN,2,3,MIN,SEA,0,1,5,OT,1,Climate Pledge Arena
2025020687,2026-01-08,2,PIT,NJD,4,1,PIT,NJD,1,3,5,REG,0,PPG Paints Arena
2025020689,2026-01-08,2,NSH,NYI,2,1,NSH,NYI,1,1,3,SO,1,Bridgestone Arena
2025020686,2026-01-08,2,PHI,TOR,1,2,TOR,PHI,0,1,3,OT,1,Xfinity Mobile Arena
2025020694,2026-01-09,2,CHI,WSH,1,5,WSH,CHI,0,4,6,REG,0,United Center
2025020695,2026-01-09,2,WPG,LAK,5,1,WPG,LAK,1,4,6,REG,0,Canada Life Centre
2025020696,2026-01-09,2,UTA,STL,4,2,UTA,STL,1,2,6,REG,0,Delta Center
2025020701,2026-01-10,2,BUF,ANA,5,3,BUF,ANA,1,2,8,REG,0,KeyBank Center
2025020697,2026-01-10,2,BOS,NYR,10,2,BOS,NYR,1,8,12,REG,0,TD Garden
2025020706,2026-01-10,2,CAR,SEA,3,2,CAR,SEA,1,1,5,REG,0,Lenovo Center
2025020699,2026-01-10,2,COL,CBJ,4,0,COL,CBJ,1,4,4,REG,0,Ball Arena
2025020698,2026-01-10,2,PIT,CGY,1,2,CGY,PIT,0,1,3,REG,0,PPG Paints Arena
2025020707,2026-01-10,2,NSH,CHI,0,3,CHI,NSH,0,3,3,REG,0,Bridgestone Arena
2025020700,2026-01-10,2,SJS,DAL,5,4,SJS,DAL,1,1,9,OT,1,SAP Center at San Jose
2025020703,2026-01-10,2,MTL,DET,0,4,DET,MTL,0,4,4,REG,0,Centre Bell
2025020709,2026-01-10,2,EDM,LAK,3,4,LAK,EDM,0,1,7,SO,1,Rogers Place
2025020704,2026-01-10,2,OTT,FLA,2,3,FLA,OTT,0,1,5,REG,0,Canadian Tire Centre
2025020708,2026-01-10,2,MIN,NYI,3,4,NYI,MIN,0,1,7,OT,1,Grand Casino Arena
2025020705,2026-01-10,2,PHI,TBL,2,7,TBL,PHI,0,5,9,REG,0,Xfinity Mobile Arena
2025020710,2026-01-10,2,VGK,STL,4,2,VGK,STL,1,2,6,REG,0,T-Mobile Arena
2025020702,2026-01-10,2,TOR,VAN,5,0,TOR,VAN,1,5,5,REG,0,Scotiabank Arena
2025020712,2026-01-11,2,BOS,PIT,1,0,BOS,PIT,1,1,1,REG,0,TD Garden
2025020714,2026-01-11,2,UTA,CBJ,2,3,CBJ,UTA,0,1,5,OT,1,Delta Center
2025020711,2026-01-11,2,WPG,NJD,4,3,WPG,NJD,1,1,7,REG,0,Canada Life Centre
2025020713,2026-01-11,2,NSH,WSH,3,2,NSH,WSH,1,1,5,REG,0,Bridgestone Arena
2025020715,2026-01-11,2,SJS,VGK,2,7,VGK,SJS,0,5,9,REG,0,SAP Center at San Jose
2025020716,2026-01-12,2,BUF,FLA,3,4,FLA,BUF,0,1,7,REG,0,KeyBank Center
2025020717,2026-01-12,2,DET,CAR,4,3,DET,CAR,1,1,7,OT,1,Little Caesars Arena
2025020722,2026-01-12,2,CHI,EDM,1,4,EDM,CHI,0,3,5,REG,0,United Center
2025020723,2026-01-12,2,COL,TOR,3,4,TOR,COL,0,1,7,OT,1,Ball Arena
2025020724,2026-01-12,2,LAK,DAL,1,3,DAL,LAK,0,2,4,REG,0,Crypto.com Arena
2025020721,2026-01-12,2,MIN,NJD,2,5,NJD,MIN,0,3,7,REG,0,Grand Casino Arena
2025020720,2026-01-12,2,MTL,VAN,6,3,MTL,VAN,1,3,9,REG,0,Centre Bell
2025020718,2026-01-12,2,NYR,SEA,2,4,SEA,NYR,0,2,6,REG,0,Madison Square Garden
2025020719,2026-01-12,2,PHI,TBL,1,5,TBL,PHI,0,4,6,REG,0,Xfinity Mobile Arena
2025020734,2026-01-13,2,ANA,DAL,3,1,ANA,DAL,1,2,4,REG,0,Honda Center
2025020729,2026-01-13,2,BOS,DET,3,0,BOS,DET,1,3,3,REG,0,TD Garden
2025020730,2026-01-13,2,STL,CAR,3,0,STL,CAR,1,3,3,REG,0,Enterprise Center
2025020728,2026-01-13,2,CBJ,CGY,5,3,CBJ,CGY,1,2,8,REG,0,Nationwide Arena
2025020731,2026-01-13,2,NSH,EDM,4,3,NSH,EDM,1,1,7,OT,1,Bridgestone Arena
2025020727,2026-01-13,2,WSH,MTL,3,2,WSH,MTL,1,1,5,OT,1,Capital One Arena
2025020732,2026-01-13,2,WPG,NYI,5,4,WPG,NYI,1,1,9,REG,0,Canada Life Centre
2025020725,2026-01-13,2,OTT,VAN,2,1,OTT,VAN,1,1,3,REG,0,Canadian Tire Centre
2025020726,2026-01-13,2,PIT,TBL,1,2,TBL,PIT,0,1,3,SO,1,PPG Paints Arena
2025020733,2026-01-13,2,UTA,TOR,6,1,UTA,TOR,1,5,7,REG,0,Delta Center
2025020736,2026-01-14,2,BUF,PHI,5,2,BUF,PHI,1,3,7,REG,0,KeyBank Center
2025020738,2026-01-14,2,LAK,VGK,2,3,VGK,LAK,0,1,5,OT,1,Crypto.com Arena
2025020735,2026-01-14,2,NJD,SEA,3,2,NJD,SEA,1,1,5,OT,1,Prudential Center
2025020737,2026-01-14,2,NYR,OTT,4,8,OTT,NYR,0,4,12,REG,0,Madison Square Garden
2025020739,2026-01-15,2,BOS,SEA,4,2,BOS,SEA,1,2,6,REG,0,TD Garden
2025020740,2026-01-15,2,BUF,MTL,5,3,BUF,MTL,1,2,8,REG,0,KeyBank Center
2025020743,2026-01-15,2,CBJ,VAN,4,1,CBJ,VAN,1,3,5,REG,0,Nationwide Arena
2025020745,2026-01-15,2,CHI,CGY,1,3,CGY,CHI,0,2,4,REG,0,United Center
2025020746,2026-01-15,2,UTA,DAL,2,1,UTA,DAL,1,1,3,REG,0,Delta Center
2025020747,2026-01-15,2,EDM,NYI,0,1,NYI,EDM,0,1,1,REG,0,Rogers Place
2025020744,2026-01-15,2,MIN,WPG,2,6,WPG,MIN,0,4,8,REG,0,Grand Casino Arena
2025020741,2026-01-15,2,PIT,PHI,6,3,PIT,PHI,1,3,9,REG,0,PPG Paints Arena
2025020742,2026-01-15,2,WSH,SJS,2,3,SJS,WSH,0,1,5,REG,0,Capital One Arena
2025020748,2026-01-15,2,VGK,TOR,6,5,VGK,TOR,1,1,11,OT,1,T-Mobile Arena
2025020753,2026-01-16,2,LAK,ANA,2,3,ANA,LAK,0,1,5,SO,1,Crypto.com Arena
2025020750,2026-01-16,2,CAR,FLA,9,1,CAR,FLA,1,8,10,REG,0,Lenovo Center
2025020752,2026-01-16,2,COL,NSH,3,7,NSH,COL,0,4,10,REG,0,Ball Arena
2025020749,2026-01-16,2,DET,SJS,4,2,DET,SJS,1,2,6,REG,0,Little Caesars Arena
2025020751,2026-01-16,2,STL,TBL,3,2,STL,TBL,1,1,5,SO,1,Enterprise Center
2025020766,2026-01-17,2,ANA,LAK,2,1,ANA,LAK,1,1,3,OT,1,Honda Center
2025020763,2026-01-17,2,CHI,BOS,2,5,BOS,CHI,0,3,7,REG,0,United Center
2025020754,2026-01-17,2,BUF,MIN,4,5,MIN,BUF,0,1,9,OT,1,KeyBank Center
2025020759,2026-01-17,2,NJD,CAR,1,4,CAR,NJD,0,3,5,REG,0,Prudential Center
2025020760,2026-01-17,2,PIT,CBJ,3,4,CBJ,PIT,0,1,7,SO,1,PPG Paints Arena
2025020756,2026-01-17,2,CGY,NYI,4,2,CGY,NYI,1,2,6,REG,0,Scotiabank Saddledome
2025020764,2026-01-17,2,VAN,EDM,0,6,EDM,VAN,0,6,6,REG,0,Rogers Arena
2025020761,2026-01-17,2,WSH,FLA,2,5,FLA,WSH,0,3,7,REG,0,Capital One Arena
2025020758,2026-01-17,2,OTT,MTL,5,6,MTL,OTT,0,1,11,OT,1,Canadian Tire Centre
2025020765,2026-01-17,2,VGK,NSH,7,2,VGK,NSH,1,5,9,REG,0,T-Mobile Arena
2025020755,2026-01-17,2,PHI,NYR,3,6,NYR,PHI,0,3,9,REG,0,Xfinity Mobile Arena
2025020757,2026-01-17,2,UTA,SEA,6,3,UTA,SEA,1,3,9,REG,0,Delta Center
2025020762,2026-01-17,2,WPG,TOR,3,4,TOR,WPG,0,1,7,OT,1,Canada Life Centre
2025020767,2026-01-18,2,DAL,TBL,1,4,TBL,DAL,0,3,5,REG,0,American Airlines Center
2025020768,2026-01-18,2,DET,OTT,4,3,DET,OTT,1,1,7,OT,1,Little Caesars Arena
2025020769,2026-01-18,2,EDM,STL,5,0,EDM,STL,1,5,5,REG,0,Rogers Place
2025020779,2026-01-19,2,ANA,NYR,5,3,ANA,NYR,1,2,8,REG,0,Honda Center
2025020770,2026-01-19,2,CAR,BUF,2,1,CAR,BUF,1,1,3,REG,0,Lenovo Center
2025020777,2026-01-19,2,CGY,NJD,1,2,NJD,CGY,0,1,3,OT,1,Scotiabank Saddledome
2025020776,2026-01-19,2,CHI,WPG,2,0,CHI,WPG,1,2,2,REG,0,United Center
2025020771,2026-01-19,2,COL,WSH,5,2,COL,WSH,1,3,7,REG,0,Ball Arena
2025020773,2026-01-19,2,FLA,SJS,1,4,SJS,FLA,0,3,5,REG,0,Amerant Bank Arena
2025020774,2026-01-19,2,TOR,MIN,3,6,MIN,TOR,0,3,9,REG,0,Scotiabank Arena
2025020778,2026-01-19,2,VAN,NYI,3,4,NYI,VAN,0,1,7,REG,0,Rogers Arena
2025020775,2026-01-19,2,VGK,PHI,1,2,PHI,VGK,0,1,3,REG,0,T-Mobile Arena
2025020772,2026-01-19,2,SEA,PIT,3,6,PIT,SEA,0,3,9,REG,0,Climate Pledge Arena
2025020783,2026-01-20,2,DAL,BOS,6,2,DAL,BOS,1,4,8,REG,0,American Airlines Center
2025020784,2026-01-20,2,NSH,BUF,3,5,BUF,NSH,0,2,8,REG,0,Bridgestone Arena
2025020782,2026-01-20,2,CBJ,OTT,1,4,OTT,CBJ,0,3,5,REG,0,Nationwide Arena
2025020786,2026-01-20,2,EDM,NJD,1,2,NJD,EDM,0,1,3,REG,0,Rogers Place
2025020787,2026-01-20,2,LAK,NYR,4,3,LAK,NYR,1,1,7,REG,0,Crypto.com Arena
2025020780,2026-01-20,2,MTL,MIN,4,3,MTL,MIN,1,1,7,REG,0,Centre Bell
2025020781,2026-01-20,2,TBL,SJS,4,1,TBL,SJS,1,3,5,REG,0,Benchmark International Arena
2025020785,2026-01-20,2,WPG,STL,3,1,WPG,STL,1,2,4,REG,0,Canada Life Centre
2025020789,2026-01-21,2,COL,ANA,1,2,ANA,COL,0,1,3,SO,1,Ball Arena
2025020791,2026-01-21,2,CGY,PIT,1,4,PIT,CGY,0,3,5,REG,0,Scotiabank Saddledome
2025020788,2026-01-21,2,TOR,DET,1,2,DET,TOR,0,1,3,OT,1,Scotiabank Arena
2025020793,2026-01-21,2,SEA,NYI,4,1,SEA,NYI,1,3,5,REG,0,Climate Pledge Arena
2025020790,2026-01-21,2,UTA,PHI,5,4,UTA,PHI,1,1,9,OT,1,Delta Center
2025020792,2026-01-21,2,VAN,WSH,4,3,VAN,WSH,1,1,7,REG,0,Rogers Arena
2025020794,2026-01-22,2,BOS,VGK,4,3,BOS,VGK,1,1,7,REG,0,TD Garden
2025020795,2026-01-22,2,MTL,BUF,2,4,BUF,MTL,0,2,6,REG,0,Centre Bell
2025020796,2026-01-22,2,CAR,CHI,3,4,CHI,CAR,0,1,7,SO,1,Lenovo Center
2025020797,2026-01-22,2,CBJ,DAL,1,0,CBJ,DAL,1,1,1,REG,0,Nationwide Arena
2025020801,2026-01-22,2,MIN,DET,4,3,MIN,DET,1,1,7,OT,1,Grand Casino Arena
2025020800,2026-01-22,2,EDM,PIT,2,6,PIT,EDM,0,4,8,REG,0,Rogers Place
2025020799,2026-01-22,2,WPG,FLA,1,2,FLA,WPG,0,1,3,SO,1,Canada Life Centre
2025020798,2026-01-22,2,NSH,OTT,5,3,NSH,OTT,1,2,8,REG,0,Bridgestone Arena
2025020809,2026-01-23,2,SEA,ANA,2,4,ANA,SEA,0,2,6,REG,0,Climate Pledge Arena
2025020806,2026-01-23,2,CGY,WSH,1,3,WSH,CGY,0,2,4,REG,0,Scotiabank Saddledome
2025020803,2026-01-23,2,CHI,TBL,1,2,TBL,CHI,0,1,3,SO,1,United Center
2025020805,2026-01-23,2,COL,PHI,3,7,PHI,COL,0,4,10,REG,0,Ball Arena
2025020804,2026-01-23,2,DAL,STL,3,2,DAL,STL,1,1,5,REG,0,American Airlines Center
2025020807,2026-01-23,2,VAN,NJD,4,5,NJD,VAN,0,1,9,REG,0,Rogers Arena
2025020808,2026-01-23,2,SJS,NYR,3,1,SJS,NYR,1,2,4,REG,0,SAP Center at San Jose
2025020802,2026-01-23,2,TOR,VGK,3,6,VGK,TOR,0,3,9,REG,0,Scotiabank Arena
2025020812,2026-01-24,2,BOS,MTL,4,3,BOS,MTL,1,1,7,REG,0,TD Garden
2025020810,2026-01-24,2,NYI,BUF,0,5,BUF,NYI,0,5,5,REG,0,UBS Arena
2025020813,2026-01-24,2,OTT,CAR,1,4,CAR,OTT,0,3,5,REG,0,Canadian Tire Centre
2025020814,2026-01-24,2,CBJ,TBL,8,5,CBJ,TBL,1,3,13,REG,0,Nationwide Arena
2025020815,2026-01-24,2,WPG,DET,1,5,DET,WPG,0,4,6,REG,0,Canada Life Centre
2025020818,2026-01-24,2,EDM,WSH,6,5,EDM,WSH,1,1,11,OT,1,Rogers Place
2025020817,2026-01-24,2,MIN,FLA,3,4,FLA,MIN,0,1,7,OT,1,Grand Casino Arena
2025020816,2026-01-24,2,STL,LAK,4,5,LAK,STL,0,1,9,SO,1,Enterprise Center
2025020811,2026-01-24,2,NSH,UTA,2,5,UTA,NSH,0,3,7,REG,0,Bridgestone Arena
2025020824,2026-01-25,2,CGY,ANA,3,4,ANA,CGY,0,1,7,OT,1,Scotiabank Saddledome
2025020823,2026-01-25,2,CHI,FLA,1,5,FLA,CHI,0,4,6,REG,0,United Center
2025020819,2026-01-25,2,TOR,COL,1,4,COL,TOR,0,3,5,REG,0,Scotiabank Arena
2025020820,2026-01-25,2,SEA,NJD,4,2,SEA,NJD,1,2,6,REG,0,Climate Pledge Arena
2025020821,2026-01-25,2,OTT,VGK,7,1,OTT,VGK,1,6,8,REG,0,Canadian Tire Centre
2025020822,2026-01-25,2,VAN,PIT,2,3,PIT,VAN,0,1,5,REG,0,Rogers Arena
2025020829,2026-01-26,2,EDM,ANA,7,4,EDM,ANA,1,3,11,REG,0,Rogers Place
2025020826,2026-01-26,2,NYR,BOS,4,3,NYR,BOS,1,1,7,OT,1,Madison Square Garden
2025020827,2026-01-26,2,PHI,NYI,0,4,NYI,PHI,0,4,4,REG,0,Xfinity Mobile Arena
2025020825,2026-01-26,2,TBL,UTA,2,0,TBL,UTA,1,2,2,REG,0,Benchmark International Arena
2025020830,2026-01-27,2,BOS,NSH,3,2,BOS,NSH,1,1,5,OT,1,TD Garden
2025020831,2026-01-27,2,TOR,BUF,4,7,BUF,TOR,0,3,11,REG,0,Scotiabank Arena
2025020837,2026-01-27,2,MIN,CHI,4,3,MIN,CHI,1,1,7,SO,1,Grand Casino Arena
2025020836,2026-01-27,2,STL,DAL,3,4,DAL,STL,0,1,7,REG,0,Enterprise Center
2025020833,2026-01-27,2,DET,LAK,1,3,LAK,DET,0,2,4,REG,0,Little Caesars Arena
2025020834,2026-01-27,2,FLA,UTA,3,4,UTA,FLA,0,1,7,REG,0,Amerant Bank Arena
2025020832,2026-01-27,2,MTL,VGK,3,2,MTL,VGK,1,1,5,OT,1,Centre Bell
2025020835,2026-01-27,2,NJD,WPG,3,4,WPG,NJD,0,1,7,REG,0,Prudential Center
2025020839,2026-01-27,2,SEA,WSH,5,1,SEA,WSH,1,4,6,REG,0,Climate Pledge Arena
2025020838,2026-01-27,2,VAN,SJS,2,5,SJS,VAN,0,3,7,REG,0,Rogers Arena
2025020840,2026-01-28,2,CBJ,PHI,5,3,CBJ,PHI,1,2,8,REG,0,Nationwide Arena
2025020841,2026-01-28,2,OTT,COL,5,2,OTT,COL,1,3,7,REG,0,Canadian Tire Centre
2025020842,2026-01-28,2,NYI,NYR,5,2,NYI,NYR,1,3,7,REG,0,UBS Arena
2025020855,2026-01-29,2,VAN,ANA,2,0,VAN,ANA,1,2,2,REG,0,Rogers Arena
2025020843,2026-01-29,2,BOS,PHI,6,3,BOS,PHI,1,3,9,REG,0,TD Garden
2025020844,2026-01-29,2,BUF,LAK,4,1,BUF,LAK,1,3,5,REG,0,KeyBank Center
2025020851,2026-01-29,2,CAR,UTA,5,4,CAR,UTA,1,1,9,REG,0,Lenovo Center
2025020853,2026-01-29,2,MIN,CGY,4,1,MIN,CGY,1,3,5,REG,0,Grand Casino Arena
2025020850,2026-01-29,2,PIT,CHI,6,2,PIT,CHI,1,4,8,REG,0,PPG Paints Arena
2025020845,2026-01-29,2,MTL,COL,7,3,MTL,COL,1,4,10,REG,0,Centre Bell
2025020856,2026-01-29,2,VGK,DAL,4,5,DAL,VGK,0,1,9,SO,1,T-Mobile Arena
2025020846,2026-01-29,2,DET,WSH,3,4,WSH,DET,0,1,7,SO,1,Little Caesars Arena
2025020854,2026-01-29,2,EDM,SJS,4,3,EDM,SJS,1,1,7,OT,1,Rogers Place
2025020852,2026-01-29,2,STL,FLA,5,4,STL,FLA,1,1,9,REG,0,Enterprise Center
2025020848,2026-01-29,2,NJD,NSH,3,2,NJD,NSH,1,1,5,OT,1,Prudential Center
2025020849,2026-01-29,2,NYR,NYI,1,2,NYI,NYR,0,1,3,REG,0,Madison Square Garden
2025020857,2026-01-29,2,SEA,TOR,5,2,SEA,TOR,1,3,7,REG,0,Climate Pledge Arena
2025020847,2026-01-29,2,TBL,WPG,4,1,TBL,WPG,1,3,5,REG,0,Benchmark International Arena
2025020858,2026-01-30,2,CHI,CBJ,2,4,CBJ,CHI,0,2,6,REG,0,United Center
2025020865,2026-01-31,2,BUF,MTL,2,4,MTL,BUF,0,2,6,REG,0,KeyBank Center
2025020864,2026-01-31,2,WSH,CAR,4,3,WSH,CAR,1,1,7,OT,1,Capital One Arena
2025020868,2026-01-31,2,STL,CBJ,3,5,CBJ,STL,0,2,8,REG,0,Enterprise Center
2025020863,2026-01-31,2,CGY,SJS,3,2,CGY,SJS,1,1,5,REG,0,Scotiabank Saddledome
2025020860,2026-01-31,2,DET,COL,0,5,COL,DET,0,5,5,REG,0,Little Caesars Arena
2025020870,2026-01-31,2,UTA,DAL,2,3,DAL,UTA,0,1,5,REG,0,Delta Center
2025020871,2026-01-31,2,EDM,MIN,3,7,MIN,EDM,0,4,10,REG,0,Rogers Place
2025020862,2026-01-31,2,FLA,WPG,1,2,WPG,FLA,0,1,3,REG,0,Amerant Bank Arena
2025020859,2026-01-31,2,PHI,LAK,2,3,LAK,PHI,0,1,5,OT,1,Xfinity Mobile Arena
2025020866,2026-01-31,2,OTT,NJD,4,1,OTT,NJD,1,3,5,REG,0,Canadian Tire Centre
2025020867,2026-01-31,2,NYI,NSH,3,4,NSH,NYI,0,1,7,REG,0,UBS Arena
2025020861,2026-01-31,2,PIT,NYR,6,5,PIT,NYR,1,1,11,REG,0,PPG Paints Arena
2025020872,2026-01-31,2,VGK,SEA,2,3,SEA,VGK,0,1,5,REG,0,T-Mobile Arena
2025020869,2026-01-31,2,VAN,TOR,2,3,TOR,VAN,0,1,5,SO,1,Rogers Arena
2025020875,2026-02-01,2,ANA,VGK,4,3,ANA,VGK,1,1,7,REG,0,Honda Center
2025020873,2026-02-01,2,TBL,BOS,6,5,TBL,BOS,1,1,11,SO,1,Raymond James Stadium
2025020874,2026-02-01,2,CAR,LAK,3,2,CAR,LAK,1,1,5,OT,1,Lenovo Center
2025020876,2026-02-02,2,FLA,BUF,3,5,BUF,FLA,0,2,8,REG,0,Amerant Bank Arena
2025020885,2026-02-02,2,CGY,TOR,2,4,TOR,CGY,0,2,6,REG,0,Scotiabank Saddledome
2025020881,2026-02-02,2,CHI,SJS,6,3,CHI,SJS,1,3,9,REG,0,United Center
2025020883,2026-02-02,2,COL,DET,0,2,DET,COL,0,2,2,REG,0,Ball Arena
2025020882,2026-02-02,2,DAL,WPG,4,3,DAL,WPG,1,1,7,OT,1,American Airlines Center
2025020879,2026-02-02,2,MIN,MTL,4,3,MIN,MTL,1,1,7,OT,1,Grand Casino Arena
2025020880,2026-02-02,2,NSH,STL,6,5,NSH,STL,1,1,11,REG,0,Bridgestone Arena
2025020878,2026-02-02,2,WSH,NYI,4,1,WSH,NYI,1,3,5,REG,0,Capital One Arena
2025020877,2026-02-02,2,PIT,OTT,2,3,OTT,PIT,0,1,5,REG,0,PPG Paints Arena
2025020884,2026-02-02,2,UTA,VAN,6,2,UTA,VAN,1,4,8,REG,0,Delta Center
2025020892,2026-02-03,2,ANA,SEA,4,2,ANA,SEA,1,2,6,REG,0,Honda Center
2025020886,2026-02-03,2,TBL,BUF,4,3,TBL,BUF,1,1,7,OT,1,Benchmark International Arena
2025020890,2026-02-03,2,CAR,OTT,4,3,CAR,OTT,1,1,7,REG,0,Lenovo Center
2025020887,2026-02-03,2,NJD,CBJ,0,3,CBJ,NJD,0,3,3,REG,0,Prudential Center
2025020891,2026-02-03,2,EDM,TOR,2,5,TOR,EDM,0,3,7,REG,0,Rogers Place
2025020888,2026-02-03,2,NYI,PIT,5,4,NYI,PIT,1,1,9,OT,1,UBS Arena
2025020889,2026-02-03,2,PHI,WSH,4,2,PHI,WSH,1,2,6,REG,0,Xfinity Mobile Arena
2025020893,2026-02-04,2,FLA,BOS,5,4,FLA,BOS,1,1,9,SO,1,Amerant Bank Arena
2025020894,2026-02-04,2,CBJ,CHI,4,0,CBJ,CHI,1,4,4,REG,0,Nationwide Arena
2025020900,2026-02-04,2,CGY,EDM,4,3,CGY,EDM,1,1,7,REG,0,Scotiabank Saddledome
2025020897,2026-02-04,2,COL,SJS,4,2,COL,SJS,1,2,6,REG,0,Ball Arena
2025020899,2026-02-04,2,DAL,STL,5,4,DAL,STL,1,1,9,REG,0,American Airlines Center
2025020898,2026-02-04,2,UTA,DET,4,1,UTA,DET,1,3,5,REG,0,Delta Center
2025020902,2026-02-04,2,LAK,SEA,2,4,SEA,LAK,0,2,6,REG,0,Crypto.com Arena
2025020896,2026-02-04,2,NSH,MIN,5,6,MIN,NSH,0,1,11,OT,1,Bridgestone Arena
2025020895,2026-02-04,2,WPG,MTL,1,5,MTL,WPG,0,4,6,REG,0,Canada Life Centre
2025020901,2026-02-04,2,VGK,VAN,5,2,VGK,VAN,1,3,7,REG,0,T-Mobile Arena
2025020903,2026-02-05,2,BUF,PIT,2,5,PIT,BUF,0,3,7,REG,0,KeyBank Center
2025020906,2026-02-05,2,NYR,CAR,0,2,CAR,NYR,0,2,2,REG,0,Madison Square Garden
2025020904,2026-02-05,2,TBL,FLA,6,1,TBL,FLA,1,5,7,REG,0,Benchmark International Arena
2025020909,2026-02-05,2,VGK,LAK,4,1,VGK,LAK,1,3,5,REG,0,T-Mobile Arena
2025020905,2026-02-05,2,NJD,NYI,1,3,NYI,NJD,0,2,4,REG,0,Prudential Center
2025020908,2026-02-05,2,WSH,NSH,4,2,WSH,NSH,1,2,6,REG,0,Capital One Arena
2025020907,2026-02-05,2,PHI,OTT,1,2,OTT,PHI,0,1,3,OT,1,Xfinity Mobile Arena
2025020917,2026-02-25,2,ANA,EDM,6,5,ANA,EDM,1,1,11,REG,0,Honda Center
2025020910,2026-02-25,2,NJD,BUF,1,2,BUF,NJD,0,1,3,REG,0,Prudential Center
2025020914,2026-02-25,2,UTA,COL,2,4,COL,UTA,0,2,6,REG,0,Delta Center
2025020913,2026-02-25,2,DAL,SEA,4,1,DAL,SEA,1,3,5,REG,0,American Airlines Center
2025020916,2026-02-25,2,LAK,VGK,4,6,VGK,LAK,0,2,10,REG,0,Crypto.com Arena
2025020911,2026-02-25,2,WSH,PHI,3,1,WSH,PHI,1,2,4,REG,0,Capital One Arena
2025020912,2026-02-25,2,TBL,TOR,4,2,TBL,TOR,1,2,6,REG,0,Benchmark International Arena
2025020915,2026-02-25,2,VAN,WPG,2,3,WPG,VAN,0,1,5,OT,1,Rogers Arena
2025020918,2026-02-26,2,BOS,CBJ,4,2,BOS,CBJ,1,2,6,REG,0,TD Garden
2025020923,2026-02-26,2,CAR,TBL,5,4,CAR,TBL,1,1,9,REG,0,Lenovo Center
2025020928,2026-02-26,2,SJS,CGY,1,4,CGY,SJS,0,3,5,REG,0,SAP Center at San Jose
2025020926,2026-02-26,2,NSH,CHI,4,2,NSH,CHI,1,2,6,REG,0,Bridgestone Arena
2025020927,2026-02-26,2,COL,MIN,2,5,MIN,COL,0,3,7,REG,0,Ball Arena
2025020920,2026-02-26,2,OTT,DET,1,2,DET,OTT,0,1,3,OT,1,Canadian Tire Centre
2025020929,2026-02-26,2,LAK,EDM,1,8,EDM,LAK,0,7,9,REG,0,Crypto.com Arena
2025020921,2026-02-26,2,FLA,TOR,5,1,FLA,TOR,1,4,6,REG,0,Amerant Bank Arena
2025020919,2026-02-26,2,MTL,NYI,3,4,NYI,MTL,0,1,7,OT,1,Centre Bell
2025020922,2026-02-26,2,PIT,NJD,4,1,PIT,NJD,1,3,5,REG,0,PPG Paints Arena
2025020924,2026-02-26,2,NYR,PHI,2,3,PHI,NYR,0,1,5,OT,1,Madison Square Garden
2025020925,2026-02-26,2,STL,SEA,5,1,STL,SEA,1,4,6,REG,0,Enterprise Center
2025020933,2026-02-27,2,ANA,WPG,5,4,ANA,WPG,1,1,9,OT,1,Honda Center
2025020930,2026-02-27,2,FLA,BUF,2,3,BUF,FLA,0,1,5,REG,0,Amerant Bank Arena
2025020932,2026-02-27,2,UTA,MIN,5,2,UTA,MIN,1,3,7,REG,0,Delta Center
2025020931,2026-02-27,2,WSH,VGK,3,2,WSH,VGK,1,1,5,REG,0,Capital One Arena
2025020935,2026-02-28,2,PHI,BOS,3,1,PHI,BOS,1,2,4,REG,0,Xfinity Mobile Arena
2025020941,2026-02-28,2,TBL,BUF,2,6,BUF,TBL,0,4,8,REG,0,Benchmark International Arena
2025020942,2026-02-28,2,CAR,DET,5,2,CAR,DET,1,3,7,REG,0,Lenovo Center
2025020937,2026-02-28,2,CBJ,NYI,3,4,NYI,CBJ,0,1,7,OT,1,Nationwide Arena
2025020944,2026-02-28,2,LAK,CGY,2,0,LAK,CGY,1,2,2,REG,0,Crypto.com Arena
2025020938,2026-02-28,2,COL,CHI,3,1,COL,CHI,1,2,4,REG,0,Ball Arena
2025020945,2026-02-28,2,DAL,NSH,3,2,DAL,NSH,1,1,5,OT,1,American Airlines Center
2025020936,2026-02-28,2,SJS,EDM,5,4,SJS,EDM,1,1,9,REG,0,SAP Center at San Jose
2025020940,2026-02-28,2,MTL,WSH,6,2,MTL,WSH,1,4,8,REG,0,Centre Bell
2025020943,2026-02-28,2,STL,NJD,1,3,NJD,STL,0,2,4,REG,0,Enterprise Center
2025020934,2026-02-28,2,NYR,PIT,3,2,NYR,PIT,1,1,5,SO,1,Madison Square Garden
2025020939,2026-02-28,2,TOR,OTT,2,5,OTT,TOR,0,3,7,REG,0,Scotiabank Arena
2025020946,2026-02-28,2,SEA,VAN,5,1,SEA,VAN,1,4,6,REG,0,Climate Pledge Arena
2025020952,2026-03-01,2,ANA,CGY,3,2,ANA,CGY,1,1,5,SO,1,Honda Center
2025020949,2026-03-01,2,UTA,CHI,0,4,CHI,UTA,0,4,4,REG,0,Delta Center
2025020948,2026-03-01,2,NYI,FLA,5,4,NYI,FLA,1,1,9,REG,0,UBS Arena
2025020951,2026-03-01,2,MIN,STL,1,3,STL,MIN,0,2,4,REG,0,Grand Casino Arena
2025020947,2026-03-01,2,PIT,VGK,5,0,PIT,VGK,1,5,5,REG,0,PPG Paints Arena
2025020950,2026-03-01,2,SJS,WPG,2,1,SJS,WPG,1,1,3,OT,1,SAP Center at San Jose
2025020957,2026-03-02,2,SEA,CAR,2,1,SEA,CAR,1,1,3,REG,0,Climate Pledge Arena
2025020953,2026-03-02,2,NYR,CBJ,4,5,CBJ,NYR,0,1,9,OT,1,Madison Square Garden
2025020958,2026-03-02,2,LAK,COL,2,4,COL,LAK,0,2,6,REG,0,Crypto.com Arena
2025020956,2026-03-02,2,VAN,DAL,1,6,DAL,VAN,0,5,7,REG,0,Rogers Arena
2025020955,2026-03-02,2,NSH,DET,2,4,DET,NSH,0,2,6,REG,0,Bridgestone Arena
2025020954,2026-03-02,2,TOR,PHI,2,3,PHI,TOR,0,1,5,SO,1,Scotiabank Arena
2025020968,2026-03-03,2,ANA,COL,1,5,COL,ANA,0,4,6,REG,0,Honda Center
2025020959,2026-03-03,2,BOS,PIT,2,1,BOS,PIT,1,1,3,REG,0,TD Garden
2025020960,2026-03-03,2,BUF,VGK,3,2,BUF,VGK,1,1,5,REG,0,KeyBank Center
2025020963,2026-03-03,2,CBJ,NSH,3,2,CBJ,NSH,1,1,5,REG,0,Nationwide Arena
2025020965,2026-03-03,2,CGY,DAL,1,6,DAL,CGY,0,5,7,REG,0,Scotiabank Saddledome
2025020964,2026-03-03,2,WPG,CHI,3,2,WPG,CHI,1,1,5,OT,1,Canada Life Centre
2025020966,2026-03-03,2,EDM,OTT,5,4,EDM,OTT,1,1,9,OT,1,Rogers Place
2025020961,2026-03-03,2,NJD,FLA,5,1,NJD,FLA,1,4,6,REG,0,Prudential Center
2025020967,2026-03-03,2,MIN,TBL,5,1,MIN,TBL,1,4,6,REG,0,Grand Casino Arena
2025020969,2026-03-03,2,SJS,MTL,7,5,SJS,MTL,1,2,12,REG,0,SAP Center at San Jose
2025020962,2026-03-03,2,WSH,UTA,2,3,UTA,WSH,0,1,5,REG,0,Capital One Arena
2025020973,2026-03-04,2,ANA,NYI,5,1,ANA,NYI,1,4,6,REG,0,Honda Center
2025020972,2026-03-04,2,VAN,CAR,4,6,CAR,VAN,0,2,10,REG,0,Rogers Arena
2025020970,2026-03-04,2,DET,VGK,3,4,VGK,DET,0,1,7,OT,1,Little Caesars Arena
2025020971,2026-03-04,2,NJD,TOR,4,3,NJD,TOR,1,1,7,SO,1,Prudential Center
2025020974,2026-03-04,2,SEA,STL,2,3,STL,SEA,0,1,5,REG,0,Climate Pledge Arena
2025020979,2026-03-05,2,NSH,BOS,6,3,NSH,BOS,1,3,9,REG,0,Bridgestone Arena
2025020977,2026-03-05,2,PIT,BUF,1,5,BUF,PIT,0,4,6,REG,0,PPG Paints Arena
2025020978,2026-03-05,2,CBJ,FLA,4,2,CBJ,FLA,1,2,6,REG,0,Nationwide Arena
2025020981,2026-03-05,2,CGY,OTT,1,4,OTT,CGY,0,3,5,REG,0,Scotiabank Saddledome
2025020982,2026-03-05,2,LAK,NYI,5,3,LAK,NYI,1,2,8,REG,0,Crypto.com Arena
2025020975,2026-03-05,2,NYR,TOR,6,2,NYR,TOR,1,4,8,REG,0,Madison Square Garden
2025020976,2026-03-05,2,PHI,UTA,0,3,UTA,PHI,0,3,3,REG,0,Xfinity Mobile Arena
2025020980,2026-03-05,2,WPG,TBL,4,1,WPG,TBL,1,3,5,REG,0,Canada Life Centre
2025020987,2026-03-06,2,ANA,MTL,6,5,ANA,MTL,1,1,11,SO,1,Honda Center
2025020986,2026-03-06,2,EDM,CAR,3,6,CAR,EDM,0,3,9,REG,0,Rogers Place
2025020985,2026-03-06,2,CHI,VAN,3,6,VAN,CHI,0,3,9,REG,0,United Center
2025020984,2026-03-06,2,DAL,COL,4,5,COL,DAL,0,1,9,SO,1,American Airlines Center
2025020983,2026-03-06,2,DET,FLA,1,3,FLA,DET,0,2,4,REG,0,Little Caesars Arena
2025020988,2026-03-06,2,VGK,MIN,2,4,MIN,VGK,0,2,6,REG,0,T-Mobile Arena
2025020989,2026-03-06,2,SJS,STL,2,3,STL,SJS,0,1,5,OT,1,SAP Center at San Jose
2025020990,2026-03-07,2,BOS,WSH,3,1,BOS,WSH,1,2,4,REG,0,TD Garden
2025020992,2026-03-07,2,BUF,NSH,3,2,BUF,NSH,1,1,5,REG,0,KeyBank Center
2025020998,2026-03-07,2,CGY,CAR,5,4,CGY,CAR,1,1,9,REG,0,Scotiabank Saddledome
2025020995,2026-03-07,2,CBJ,UTA,4,5,UTA,CBJ,0,1,9,OT,1,Nationwide Arena
2025020997,2026-03-07,2,LAK,MTL,3,4,MTL,LAK,0,1,7,REG,0,Crypto.com Arena
2025020991,2026-03-07,2,NJD,NYR,6,3,NJD,NYR,1,3,9,REG,0,Prudential Center
2025020999,2026-03-07,2,SJS,NYI,1,2,NYI,SJS,0,1,3,OT,1,SAP Center at San Jose
2025021000,2026-03-07,2,SEA,OTT,4,7,OTT,SEA,0,3,11,REG,0,Climate Pledge Arena
2025020993,2026-03-07,2,PIT,PHI,3,4,PHI,PIT,0,1,7,SO,1,PPG Paints Arena
2025020994,2026-03-07,2,TOR,TBL,2,5,TBL,TOR,0,3,7,REG,0,Scotiabank Arena
2025020996,2026-03-07,2,WPG,VAN,3,2,WPG,VAN,1,1,5,OT,1,Canada Life Centre
2025021006,2026-03-08,2,ANA,STL,0,4,STL,ANA,0,4,4,REG,0,Honda Center
2025021002,2026-03-08,2,PIT,BOS,5,4,PIT,BOS,1,1,9,OT,1,PPG Paints Arena
2025021003,2026-03-08,2,BUF,TBL,8,7,BUF,TBL,1,1,15,REG,0,KeyBank Center
2025021004,2026-03-08,2,DAL,CHI,4,3,DAL,CHI,1,1,7,OT,1,American Airlines Center
2025021001,2026-03-08,2,COL,MIN,3,2,COL,MIN,1,1,5,SO,1,Ball Arena
2025021005,2026-03-08,2,NJD,DET,0,3,DET,NJD,0,3,3,REG,0,Prudential Center
2025021007,2026-03-08,2,VGK,EDM,2,4,EDM,VGK,0,2,6,REG,0,T-Mobile Arena
2025020828,2026-03-09,2,CBJ,LAK,4,5,LAK,CBJ,0,1,9,OT,1,Nationwide Arena
2025021009,2026-03-09,2,WSH,CGY,7,3,WSH,CGY,1,4,10,REG,0,Capital One Arena
2025021010,2026-03-09,2,CHI,UTA,3,2,CHI,UTA,1,1,5,OT,1,United Center
2025021008,2026-03-09,2,PHI,NYR,2,6,NYR,PHI,0,4,8,REG,0,Xfinity Mobile Arena
2025021011,2026-03-09,2,VAN,OTT,0,2,OTT,VAN,0,2,2,REG,0,Rogers Arena
2025021022,2026-03-10,2,WPG,ANA,1,4,ANA,WPG,0,3,5,REG,0,Canada Life Centre
2025021012,2026-03-10,2,BOS,LAK,2,1,BOS,LAK,1,1,3,OT,1,TD Garden
2025021013,2026-03-10,2,BUF,SJS,6,3,BUF,SJS,1,3,9,REG,0,KeyBank Center
2025021018,2026-03-10,2,CAR,PIT,5,4,CAR,PIT,1,1,9,SO,1,Lenovo Center
2025021015,2026-03-10,2,TBL,CBJ,2,5,CBJ,TBL,0,3,7,REG,0,Benchmark International Arena
2025021017,2026-03-10,2,NYR,CGY,4,0,NYR,CGY,1,4,4,REG,0,Madison Square Garden
2025021023,2026-03-10,2,COL,EDM,3,4,EDM,COL,0,1,7,REG,0,Ball Arena
2025021020,2026-03-10,2,DAL,VGK,2,1,DAL,VGK,1,1,3,REG,0,American Airlines Center
2025021016,2026-03-10,2,FLA,DET,4,3,FLA,DET,1,1,7,REG,0,Amerant Bank Arena
2025021021,2026-03-10,2,MIN,UTA,5,0,MIN,UTA,1,5,5,REG,0,Grand Casino Arena
2025021014,2026-03-10,2,MTL,TOR,3,1,MTL,TOR,1,2,4,REG,0,Centre Bell
2025021024,2026-03-10,2,SEA,NSH,2,4,NSH,SEA,0,2,6,REG,0,Climate Pledge Arena
2025021019,2026-03-10,2,STL,NYI,3,4,NYI,STL,0,1,7,OT,1,Enterprise Center
2025021025,2026-03-11,2,OTT,MTL,2,3,MTL,OTT,0,1,5,REG,0,Canadian Tire Centre
2025021026,2026-03-11,2,PHI,WSH,4,1,PHI,WSH,1,3,5,REG,0,Xfinity Mobile Arena
2025021029,2026-03-12,2,TOR,ANA,6,4,TOR,ANA,1,2,10,REG,0,Scotiabank Arena
2025021027,2026-03-12,2,BOS,SJS,2,4,SJS,BOS,0,2,6,REG,0,TD Garden
2025021028,2026-03-12,2,BUF,WSH,1,2,WSH,BUF,0,1,3,REG,0,KeyBank Center
2025021033,2026-03-12,2,CAR,STL,1,3,STL,CAR,0,2,4,REG,0,Lenovo Center
2025021031,2026-03-12,2,FLA,CBJ,2,1,FLA,CBJ,1,1,3,OT,1,Amerant Bank Arena
2025021032,2026-03-12,2,NJD,CGY,4,5,CGY,NJD,0,1,9,REG,0,Prudential Center
2025021037,2026-03-12,2,UTA,CHI,2,3,CHI,UTA,0,1,5,OT,1,Delta Center
2025021040,2026-03-12,2,SEA,COL,1,5,COL,SEA,0,4,6,REG,0,Climate Pledge Arena
2025021034,2026-03-12,2,DAL,EDM,7,2,DAL,EDM,1,5,9,REG,0,American Airlines Center
2025021030,2026-03-12,2,TBL,DET,4,1,TBL,DET,1,3,5,REG,0,Benchmark International Arena
2025021035,2026-03-12,2,MIN,PHI,2,3,PHI,MIN,0,1,5,SO,1,Grand Casino Arena
2025021038,2026-03-12,2,VAN,NSH,4,3,VAN,NSH,1,1,7,SO,1,Rogers Arena
2025021036,2026-03-12,2,WPG,NYR,3,6,NYR,WPG,0,3,9,REG,0,Canada Life Centre
2025021039,2026-03-12,2,VGK,PIT,6,2,VGK,PIT,1,4,8,REG,0,T-Mobile Arena
2025021042,2026-03-13,2,STL,EDM,3,2,STL,EDM,1,1,5,OT,1,Enterprise Center
2025021041,2026-03-13,2,NYI,LAK,2,3,LAK,NYI,0,1,5,REG,0,UBS Arena
2025021043,2026-03-14,2,OTT,ANA,2,0,OTT,ANA,1,2,2,REG,0,Canadian Tire Centre
2025021044,2026-03-14,2,WSH,BOS,2,3,BOS,WSH,0,1,5,SO,1,Capital One Arena
2025021047,2026-03-14,2,BUF,TOR,3,2,BUF,TOR,1,1,5,SO,1,KeyBank Center
2025021049,2026-03-14,2,TBL,CAR,2,4,CAR,TBL,0,2,6,REG,0,Benchmark International Arena
2025021052,2026-03-14,2,PHI,CBJ,1,2,CBJ,PHI,0,1,3,SO,1,Xfinity Mobile Arena
2025021051,2026-03-14,2,NYI,CGY,3,2,NYI,CGY,1,1,5,REG,0,UBS Arena
2025021056,2026-03-14,2,VGK,CHI,4,0,VGK,CHI,1,4,4,REG,0,T-Mobile Arena
2025021045,2026-03-14,2,WPG,COL,3,1,WPG,COL,1,2,4,REG,0,Canada Life Centre
2025021053,2026-03-14,2,DAL,DET,3,2,DAL,DET,1,1,5,OT,1,American Airlines Center
2025021050,2026-03-14,2,NJD,LAK,6,4,NJD,LAK,1,2,10,REG,0,Prudential Center
2025021046,2026-03-14,2,MIN,NYR,2,4,NYR,MIN,0,2,6,REG,0,Grand Casino Arena
2025021048,2026-03-14,2,MTL,SJS,2,4,SJS,MTL,0,2,6,REG,0,Centre Bell
2025021054,2026-03-14,2,UTA,PIT,3,4,PIT,UTA,0,1,7,REG,0,Delta Center
2025021055,2026-03-14,2,VAN,SEA,2,5,SEA,VAN,0,3,7,REG,0,Rogers Arena
2025021059,2026-03-15,2,MTL,ANA,3,4,ANA,MTL,0,1,7,REG,0,Centre Bell
2025021061,2026-03-15,2,EDM,NSH,3,1,EDM,NSH,1,2,4,REG,0,Rogers Place
2025021062,2026-03-15,2,SEA,FLA,6,2,SEA,FLA,1,4,8,REG,0,Climate Pledge Arena
2025021060,2026-03-15,2,MIN,TOR,2,4,TOR,MIN,0,2,6,REG,0,Grand Casino Arena
2025021058,2026-03-15,2,OTT,SJS,7,4,OTT,SJS,1,3,11,REG,0,Canadian Tire Centre
2025021057,2026-03-15,2,WPG,STL,3,2,WPG,STL,1,1,5,REG,0,Canada Life Centre
2025021064,2026-03-16,2,NJD,BOS,4,3,NJD,BOS,1,1,7,OT,1,Prudential Center
2025021063,2026-03-16,2,DET,CGY,5,2,DET,CGY,1,3,7,REG,0,Little Caesars Arena
2025021067,2026-03-16,2,COL,PIT,2,7,PIT,COL,0,5,9,REG,0,Ball Arena
2025021066,2026-03-16,2,DAL,UTA,3,6,UTA,DAL,0,3,9,REG,0,American Airlines Center
2025021065,2026-03-16,2,NYR,LAK,1,4,LAK,NYR,0,3,5,REG,0,Madison Square Garden
2025021069,2026-03-17,2,MTL,BOS,3,2,MTL,BOS,1,1,5,OT,1,Centre Bell
2025021075,2026-03-17,2,VGK,BUF,0,2,BUF,VGK,0,2,2,REG,0,T-Mobile Arena
2025021070,2026-03-17,2,CBJ,CAR,5,1,CBJ,CAR,1,4,6,REG,0,Nationwide Arena
2025021072,2026-03-17,2,CHI,MIN,3,4,MIN,CHI,0,1,7,OT,1,United Center
2025021073,2026-03-17,2,EDM,SJS,5,3,EDM,SJS,1,2,8,REG,0,Rogers Place
2025021074,2026-03-17,2,VAN,FLA,5,2,VAN,FLA,1,3,7,REG,0,Rogers Arena
2025021071,2026-03-17,2,WPG,NSH,3,4,NSH,WPG,0,1,7,SO,1,Canada Life Centre
2025021068,2026-03-17,2,TOR,NYI,1,3,NYI,TOR,0,2,4,REG,0,Scotiabank Arena
2025021076,2026-03-17,2,SEA,TBL,2,6,TBL,SEA,0,4,8,REG,0,Climate Pledge Arena
2025021082,2026-03-18,2,ANA,PHI,2,3,PHI,ANA,0,1,5,OT,1,Honda Center
2025021078,2026-03-18,2,CAR,PIT,6,5,CAR,PIT,1,1,11,OT,1,Lenovo Center
2025021081,2026-03-18,2,CGY,STL,2,1,CGY,STL,1,1,3,SO,1,Scotiabank Saddledome
2025021080,2026-03-18,2,COL,DAL,1,2,DAL,COL,0,1,3,SO,1,Ball Arena
2025021077,2026-03-18,2,NYR,NJD,3,6,NJD,NYR,0,3,9,REG,0,Madison Square Garden
2025021079,2026-03-18,2,WSH,OTT,4,1,WSH,OTT,1,3,5,REG,0,Capital One Arena
2025021083,2026-03-19,2,BOS,WPG,6,1,BOS,WPG,1,5,7,REG,0,TD Garden
2025021092,2026-03-19,2,SJS,BUF,0,5,BUF,SJS,0,5,5,REG,0,SAP Center at San Jose
2025021086,2026-03-19,2,CBJ,NYR,6,3,CBJ,NYR,1,3,9,REG,0,Nationwide Arena
2025021088,2026-03-19,2,MIN,CHI,1,2,CHI,MIN,0,1,3,REG,0,Grand Casino Arena
2025021085,2026-03-19,2,DET,MTL,3,1,DET,MTL,1,2,4,REG,0,Little Caesars Arena
2025021089,2026-03-19,2,EDM,FLA,0,4,FLA,EDM,0,4,4,REG,0,Rogers Place
2025021093,2026-03-19,2,LAK,PHI,3,4,PHI,LAK,0,1,7,SO,1,Crypto.com Arena
2025021087,2026-03-19,2,NSH,SEA,3,1,NSH,SEA,1,2,4,REG,0,Bridgestone Arena
2025021084,2026-03-19,2,OTT,NYI,3,2,OTT,NYI,1,1,5,REG,0,Canadian Tire Centre
2025021090,2026-03-19,2,VAN,TBL,2,6,TBL,VAN,0,4,8,REG,0,Rogers Arena
2025021091,2026-03-19,2,VGK,UTA,0,4,UTA,VGK,0,4,4,REG,0,T-Mobile Arena
2025021098,2026-03-20,2,UTA,ANA,1,4,ANA,UTA,0,3,5,REG,0,Delta Center
2025021094,2026-03-20,2,TOR,CAR,3,4,CAR,TOR,0,1,7,OT,1,Scotiabank Arena
2025021097,2026-03-20,2,CGY,FLA,4,1,CGY,FLA,1,3,5,REG,0,Scotiabank Saddledome
2025021096,2026-03-20,2,CHI,COL,1,4,COL,CHI,0,3,5,REG,0,United Center
2025021095,2026-03-20,2,WSH,NJD,2,1,WSH,NJD,1,1,3,REG,0,Capital One Arena
2025021108,2026-03-21,2,DET,BOS,2,4,BOS,DET,0,2,6,REG,0,Little Caesars Arena
2025021102,2026-03-21,2,LAK,BUF,1,4,BUF,LAK,0,3,5,REG,0,Crypto.com Arena
2025021104,2026-03-21,2,CBJ,SEA,5,2,CBJ,SEA,1,3,7,REG,0,Nationwide Arena
2025021101,2026-03-21,2,MIN,DAL,2,1,MIN,DAL,1,1,3,OT,1,Grand Casino Arena
2025021109,2026-03-21,2,EDM,TBL,2,5,TBL,EDM,0,3,7,REG,0,Rogers Place
2025021105,2026-03-21,2,MTL,NYI,7,3,MTL,NYI,1,4,10,REG,0,Centre Bell
2025021100,2026-03-21,2,NSH,VGK,4,1,NSH,VGK,1,3,5,REG,0,Bridgestone Arena
2025021106,2026-03-21,2,OTT,TOR,5,2,OTT,TOR,1,3,7,REG,0,Canadian Tire Centre
2025021103,2026-03-21,2,SJS,PHI,1,4,PHI,SJS,0,3,5,REG,0,SAP Center at San Jose
2025021099,2026-03-21,2,PIT,WPG,5,4,PIT,WPG,1,1,9,SO,1,PPG Paints Arena
2025021107,2026-03-21,2,VAN,STL,1,3,STL,VAN,0,2,4,REG,0,Rogers Arena
2025021117,2026-03-22,2,ANA,BUF,6,5,ANA,BUF,1,1,11,OT,1,Honda Center
2025021112,2026-03-22,2,PIT,CAR,1,5,CAR,PIT,0,4,6,REG,0,PPG Paints Arena
2025021114,2026-03-22,2,NYI,CBJ,1,0,NYI,CBJ,1,1,1,REG,0,UBS Arena
2025021116,2026-03-22,2,CGY,TBL,4,3,CGY,TBL,1,1,7,OT,1,Scotiabank Saddledome
2025021113,2026-03-22,2,CHI,NSH,2,3,NSH,CHI,0,1,5,OT,1,United Center
2025021111,2026-03-22,2,WSH,COL,2,3,COL,WSH,0,1,5,OT,1,Capital One Arena
2025021115,2026-03-22,2,DAL,VGK,2,3,VGK,DAL,0,1,5,REG,0,American Airlines Center
2025021118,2026-03-22,2,UTA,LAK,4,3,UTA,LAK,1,1,7,OT,1,Delta Center
2025021110,2026-03-22,2,NYR,WPG,2,3,WPG,NYR,0,1,5,SO,1,Madison Square Garden
2025021119,2026-03-23,2,NYR,OTT,1,2,OTT,NYR,0,1,3,REG,0,Madison Square Garden
2025021134,2026-03-24,2,VAN,ANA,3,5,ANA,VAN,0,2,8,REG,0,Rogers Arena
2025021120,2026-03-24,2,BOS,TOR,2,4,TOR,BOS,0,2,6,REG,0,TD Garden
2025021121,2026-03-24,2,MTL,CAR,5,2,MTL,CAR,1,3,7,REG,0,Centre Bell
2025021125,2026-03-24,2,PHI,CBJ,2,3,CBJ,PHI,0,1,5,REG,0,Xfinity Mobile Arena
2025021133,2026-03-24,2,CGY,LAK,3,2,CGY,LAK,1,1,5,SO,1,Scotiabank Saddledome
2025021124,2026-03-24,2,NYI,CHI,3,4,CHI,NYI,0,1,7,REG,0,UBS Arena
2025021126,2026-03-24,2,PIT,COL,2,6,COL,PIT,0,4,8,REG,0,PPG Paints Arena
2025021130,2026-03-24,2,DAL,NJD,4,6,NJD,DAL,0,2,10,REG,0,American Airlines Center
2025021122,2026-03-24,2,DET,OTT,2,3,OTT,DET,0,1,5,REG,0,Little Caesars Arena
2025021132,2026-03-24,2,UTA,EDM,2,5,EDM,UTA,0,3,7,REG,0,Delta Center
2025021123,2026-03-24,2,FLA,SEA,5,4,FLA,SEA,1,1,9,SO,1,Amerant Bank Arena
2025021127,2026-03-24,2,TBL,MIN,6,3,TBL,MIN,1,3,9,REG,0,Benchmark International Arena
2025021129,2026-03-24,2,NSH,SJS,6,3,NSH,SJS,1,3,9,REG,0,Bridgestone Arena
2025021128,2026-03-24,2,STL,WSH,3,0,STL,WSH,1,3,3,REG,0,Enterprise Center
2025021131,2026-03-24,2,WPG,VGK,4,1,WPG,VGK,1,3,5,REG,0,Canada Life Centre
2025021135,2026-03-25,2,BUF,BOS,3,4,BOS,BUF,0,1,7,OT,1,KeyBank Center
2025021136,2026-03-25,2,TOR,NYR,4,3,TOR,NYR,1,1,7,REG,0,Scotiabank Arena
